L1,L2,L3,Light
RASQSVSSSYLA,GASSRAT,QQYGSSPSIT,-EIVLTQSPGTLSLSPGERATLSCRASQS-----VSSSYLAWYQQKPGQAPRLLIYGASSRATGIPDRFSGSGSGTDFTLTISRLEPADFAVYYCQQYGSSPS-----ITFGQGTRLEI-KR-
TGTSSDVGGYKYVS,DVTNRPS,SSYAGAQSLV,-QSVLTQPAS-VSGSPDQSITISCTGTSSDV---GGYKYVSWYQQHPDKAPKVMIYDVTNRPSGGSNRFSGSKSGNTASLTISGLQAEDEADYYCSSYAGAQS-----LVFGGGTKLTVLG--
ASSTGAVTTGYYPN,STSNKHS,LLYYGGA,-QTVVTQQPS-LTVSPGGTVTLTCASSTGAV---TTGYYPNWFQQKPGQAPRALIYSTSNKHSWTPARFSGSLLGGKAALTLSGVQPEDEAEYFCLLYYGGA---------------------
KSSQSLLYSSNNKNYLA,WASTRES,QQYYSTPPM,-DIVMTQSPDSLAVSLGERATINCKSSQSLLYSSNNKNYLAWYQQKPGQPPKLLIYWASTRESGVPDRFSGSGSGTDFTLTISSLQAEDVAVYYCQQYYSTP------PMFGQGTKVEI-KRT
RASQSIGSFLH,AASSLQS,QQSYSTLYT,-DIQMTQSPSSLSASVGDRVTITCRASQ------SIGSFLHWYQQKPGKGPKLLISAASSLQSGVPSRFSGSGSGTDFTLTISSLQPEDFATYYCQQSYSTL------YTFGQGTKLEI-KR-
RASQSISSSFLA,GASSRAT,QQYGSSPLT,-EIVLTQSPGTLSLSPGERATLSCRASQS-----ISSSFLAWYQQKVGQAPRLLIYGASSRATGIPDRFSGSGSGTDFTLTISRLEPEDFAVYYCQQYGSSP------LTFGGGTKVEI-KR-
RASQSVSSYLA,DASNRAT,QQRSNWPLT,-EIVLTQSPDTLSLSPGERATLSCRASQ------SVSSYLAWYQQRPGQAPRLLIYDASNRATGIPARFSGSGSGTDFTLTISSLEPEDFAVYYCQQRSNWP------LTFGGGTKVEI-K--
RASQSVSSYLA,DASNRAT,QQCSNWPLT,-EIVLTQSPDTLSLSPGERATLSCRASQ------SVSSYLAWYQQRPGQAPRLLIYDASNRATGIPARFSGSGSGTDFTLTISSLEPEDFAVYYCQQCSNWP------LTFGGGTKVEI-K--
RASQSVSSYLA,DASNRAT,QQRSNWPLT,-EIVLTQSPATLSLSPGERATLSCRASQ------SVSSYLAWYQQRPGQAPRLLIYDASNRATGIPARFSGSGSGTDFTLTISSLEPEDFAVYYCQQRSNWP------LTFGGGTKVEI-KR-
RASQSVSSYLA,DASNRAT,QQRSNWPLT,-EIVLTQSPATLSLSPGERATLSCRASQ------SVSSYLAWYQQRPGQAPRLLIYDASNRATGIPARFSGSGSGTDFTLTISSLEPEDFAVYYCQQRSNWP------LTFGGGTKVEI-KR-
RASQSVSSYLA,DASNRAT,QQRSNWPLT,-EIVLTQSPATLSLSPGERATLSCRASQ------SVSSYLAWYQQRPGQAPRLLIYDASNRATGIPARFSGSGSGTDFTLTISSLEPEDFAVYYCQQRSNWP------LTFGGGTKVEI-KR-
RASQSVSSYLA,DASNRAT,QQRSNWPLT,-EIVLTQSPATLSLSPGERATLSCRASQ------SVSSYLAWYQQRPGQAPRLLIYDASNRATGIPARFSGSGSGTDFTLTISSLEPEDFAVYYCQQRSNWP------LTFGGGTKVEI-KRT
RASQSVSSYLA,DASNRAT,QQRSNWPLT,-EIVLTQSPATLSLSPGERATLSCRASQ------SVSSYLAWYQQRPGQAPRLLIYDASNRATGIPARFSGSGSGTDFTLTISSLEPEDFAVYYCQQRSNWP------LTFGGGTKVEI-KR-
RASQSVSSYLA,DASNRAT,QQRSNWPLT,-EIVLTQSPATLSLSPGERATLSCRASQ------SVSSYLAWYQQRPGQAPRLLIYDASNRATGIPARFSGSGSGTDFTLTISSLEPEDFAVYYCQQRSNWP------LTFGGGTKVEI-KR-
QGDSLRSYYAS,GKNNRPS,NSRDSSGNLYVV,-SSELTQDPA-VSVALGQTVRITCQGDS------LRSYYASWYQQKPGQAPVLVIYGKNNRPSGIPDRFSGSSSGNTASLTITGAQAEDEADYYCNSRDSSGNLY---VVFGGGTKLTVLG--
SGSSSKIASNYVY,RDNQRPS,ATWDDSLSGWV,-QSVLTQPPS-ASGTPGQRVTISCSGSSSK----IASNYVYWYQQVPGTAPKLLIYRDNQRPSGVPDRFSGSRSGTSASLAISGLRSDDEADYYCATWDDSLSG----WVFGGGTKLTVLGQP
RASQSVSSYLA,DASNRAT,QQRSNWPLT,-EIVLTQSPATLSLSPGERATLSCRASQ------SVSSYLAWYQQRPGQAPRLLIYDASNRATGIPARFSGSGSGTDFTLTISSLEPEDFAVYYCQQRSNWP------LTFGGGTKVEI-KR-
RESQGIRNDLG,AASSLQS,QQANSLPPT,-DIVMTQSPSSLSASIGDRVTITCRESQ------GIRNDLGWYQQKPGKAPKLLIYAASSLQSGVPSRFSGSGSGTDFTLTISSLQPEDFATYFCQQANSLP------PTFGGGTKVEI-KR-
SGSSSNIGNNYVS,DNNKRPS,GTWDSSLREV,-QSVLTQPPS-ISAAPGQKVAISCSGSSSN----IGNNYVSWYQQLPGTAPKLLIYDNNKRPSGIPGRFSGSKSGTSATLGITGLQTGDEADYYCGTWDSSLR-----EVFGGGTKLTVLG--
RASQGISNYLA,AASTLQS,QKYNSAPPST,-DIQMTQSPSSLSASVGDRVTITCRASQ------GISNYLAWYQQKPGKVPKLLIYAASTLQSGVPSRFSGSGSGTDFTLTISSLQPEDVATYYCQKYNSAPP-----STFGQGTKVEI-KR-
RASQSLSSTYLA,GASSRAT,QQYGSSPFT,-DIVLTQSPGTLSLSPGERATLSCRASQS-----LSSTYLAWYQQKPGQAPRLLIYGASSRATGVPDRFSGSGSGTDFTLTISRLEPEDFAVYYCQQYGSSP------FTFGGGTKVEI-KR-
RASQSISSSYLA,GASTRAT,QQYGSSPYT,-EIVLTQSPGTLSLSPGERATLSCRASQS-----ISSSYLAWYQQRPGQAPRLLIYGASTRATGIPDRFSGSGSGTDFTLTISRLEPEDFAVYYCQQYGSSP------YTFGQGTKLEI-KR-
RASQSVSSSYLA,GASSRAT,QQYGSSP,-EIVLTQSPGTLSLSPGERATLSCRASQS-----VSSSYLAWYQQKPGQAPRLLIYGASSRATGIPDRFSGSGSGTDFTLTISRLEPEDFAVYYCQQYGSSP---------------------
RASQSVSSSYLA,GASSRAT,QQYGNSPQT,-EIVLTQSPGTLSLSPGERATLSCRASQS-----VSSSYLAWYQQKPGQAPRLLIYGASSRATGIPDRFSGSGSGTDFTLTISRLEPEDFVVYYCQQYGNSP------QTFGQGTKVEI-KR-
RASQSVSSNELA,GASRRAT,QQYGSTPRT,-EIVLTQSPGTLSLSPGERATLSCRASQS-----VSSNELAWYQQKPGQAPRLLISGASRRATGIPDRFSGSGSGTDFTLTISRLEPEDFAMYYCQQYGSTP------RTFGQGTKVEI-KR-
RASQSVSSSYLA,GASSRAT,QQYGSSPLT,-EVVLTQSPGSLSLSPGERATLSCRASQS-----VSSSYLAWYQQKPGQAPRLLIYGASSRATGVPDRFSGSGSGADFILTINRLEPEDFAVYYCQQYGSSP------LTFGGGTKVEI-KR-
RASQSINTWLA,KASSLES,QQYNSDSKM,-DIQMTQSPSTLSASVGDRVTITCRASQ------SINTWLAWYQQKPGKAPKLLMYKASSLESGVPSRFIGSGSGTEFTLTISSLQPDDFATYYCQQYNSDS------KMFGQGTKVEV-KGT
TGTNNDVGSYNLVS,EVSKRPS,CSYAGSYTVV,-QSALTQPAS-VSGSPGQSITISCTGTNNDV---GSYNLVSWYQQHPGKAPKIMIYEVSKRPSGVSNRFSGSKSGNTASLTISGLQAEDEADYYCCSYAGSYT-----VVFGGGTKLTVLG--
RASQSISSYLN,AASSLQS,QQSYSTPLT,-DIQMTQSPSSLSASVGDRVTITCRASQ------SISSYLNWYQQKPGKAPKLLIYAASSLQSGVPSRFSGSGSGTDFTLTISSLQPEDFATYYCQQSYSTP------LTFGGGTKVEI-KR-
RASQSVNSNLA,GASTRAT,QEYNNWPLWT,-EIVMTQSPATLSVSPGERATLSCRASQ------SVNSNLAWYQQKPGQAPRLLIYGASTRATGIPVRISGSGSGTEFTLTISSLQSEDFAVYYCQEYNNWPL-----WTFGQGTKVEI-KR-
TGSSRDVGGYNYVS,EVTNRPS,ASYTSSKTYV,-HVILTQPAS-VSGSPGQSITISCTGSSRDV---GGYNYVSWYQQHPGKAPKLLISEVTNRPSGVSNRFSASKSGNTASLTISGLQAEDEADYFCASYTSSKT-----YVFGRGTKLTVLG--
SGSRSNIGSNPVS,IDDRRSS,VAWDDSLKGWV,-HVILTQPPS-ASVAPGQRVTISCSGSRSN----IGSNPVSWYRQFPGAAPKLLIYIDDRRSSGVPDRVSGSRSGTSASLAISGLQSEDEADYYCVAWDDSLKG----WVFGEGTKLTVLG--
SGSSSDIGRYDYVS,EVKHRPS,ASYTESKTYI,-QSALTQPAS-VSGSPGQSITISCSGSSSDI---GRYDYVSWYQHYPDKAPKLIIYEVKHRPSGISHRFSASKSGNTASLTISELQPGDEADYYCASYTESKT-----YIFGGGTKVTVLG--
TGTSSDVGGYNYVS,EVSKRPS,SSFAGSTSWV,-QSQLTQPPS-ASGSPGQSVTISCTGTSSDV---GGYNYVSWYQQHPGKAPKLMIYEVSKRPSGVPDRFSGSKSGNTASLTVSGLQADDEADYYCSSFAGSTS-----WVFGGGTKLTVL---
SGSSSNIGSNYVY,RNNQRPS,,-QSVLTQPPS-ASGTPGQRVTISCSGSSSN----IGSNYVYWYQQLPGTAPKLLIYRNNQRPSGVPDRFSGSKSGTSASLAISGLRSEDEADYYC----------------------------
RASQSISNWLA,KASSLES,QHYKTYSLT,-DIQMTQSPSSLSAFVGDTVTITCRASQ------SISNWLAWYQQKPGKAPKLLIYKASSLESGVPSRFSGSGSGTEFTLTISSLQPDDFATYYCQHYKTYS------LTFGGGTKVDI-K--
GGNNIGRKSVH,GASDRPS,QVWDSSSAHPGVV,-SYVLTQPPS-VSVAPGQTARITCGGNN------IGRKSVHWYQQKPGQAPVLVVYGASDRPSGIPERFSGSNSGNTATLTISRVAAGDEADYYCQVWDSSSAHPG--VVFGGGTKLTVLG--
QTSQDISKYLN,DASNLQR,QQYDTLPLT,-DIQMTQSPSSLSASVGDRVTITCQTSQ------DISKYLNWYQQKPGKAPKLLIYDASNLQRGVPSRFSGGGSGTDFTFTISSLQPEDIATYYCQQYDTLP------LTFGGGTKVEI-KR-
QGDSLRSSYAS,GENSRPS,NSRDSRGTHLEV,-SSELTQDPA-VSVAFGQTVRITCQGDS------LRSSYASWYQQKPGQAPLLVIYGENSRPSGIPDRFSGSSSGNTASLTITGAQAEDEADYYCNSRDSRGTHL---EVFGGGTKLTVLG--
SGTSSNIGNNYVS,DNNKRPS,ATWDSSLSAVV,-QSVLTQPPS-VSAAPGQKVTISCSGTSSN----IGNNYVSWYQQLPGTAPKLLIYDNNKRPSGIPDRFSGSKSGTSATLGITGLRTGDEADYYCATWDSSLSA----VVFGGGTKLTVLS--
SGSSSNIGSNYVY,RNNQRPS,ATWDDSLSAVI,-QSVLTQPPS-ASGTPGQRVTISCSGSSSN----IGSNYVYWYQQLPGTAPKLLIYRNNQRPSGVPDRFSGSKSGTSASLAISGLRSEDEADYYCATWDDSLSA----VIFGGGTKLTV-LG-
RASQSVSSSYLA,GASSRAT,QQYGSSPIT,-EIVLTQSPGTLSLSPGERATLSCRASQS-----VSSSYLAWYQQKPGQAPRLLIYGASSRATGIPDRFSGSGSGTDFTLTISRLEPEDFAVYYCQQYGSSP------ITFGQGTRLEI-KR-
SGDKLGDKYRS,QDSKRPS,QAWDSSTAV,-SYVLTQPPS-VSVAPGQTPSITCSGDK------LGDKYRSWYQQKPGPVPVLVIYQDSKRPSGIPERFSGSNSGNTATLTISGTQAMDEADYYCQAWDSSTAV-------------------
QGDSLRSYYAS,GKNNRPS,NSRDSSGNHYV,-SSELTQDPP-VSVALGQTVRITCQGDS------LRSYYASWYQEKPGQAPVLVIYGKNNRPSGIPDRFSGSSSGNTASLTITGAQAEDEADYYCNSRDSSGNH----YVFGTGTKVTVLG--
QGDSLRSYYAS,GKNNRPS,NSRDSSGNHLG,-SSELTQDPA-VSVALGQTVRITCQGDS------LRSYYASWYQQKPGQAPVLVIYGKNNRPSGIPDRFSGSSSGNTASLTITGAQAEDEADYYCNSRDSSGNH----LGFGGGTKLTVL---
RASQSVSSSYLA,GASSRAT,QQYGSSPIT,-GIVLTQSPGTLSLSPGERATLSCRASQS-----VSSSYLAWYQQKPGQAPRLLIYGASSRATGIPDRFSGSGSGTDFTLTISRLEPEDFAVYYCQQYGSSP------ITFGQGTRLEI-KL-
QGDSLRTYHAS,DENNRPS,NSRDSSGNRLV,-SSELTQDPV-VSVALGQTVRITCQGDS------LRTYHASWYQQKPRQAPVLVIYDENNRPSGIPDRFSGSTSGNTASLTITGAQAEDEADYYCNSRDSSGNR----LVFGGGTKLTVL---
RASQSVSSNYLA,GASSRAT,QQYGTSPRP,-EIVLTQSPGTLSLSPGERATLSCRASQS-----VSSNYLAWYQQRPGQAPRLLIYGASSRATGIPDRLSGSGSGTDFTLTINRLEPEDFAVYFCQQYGTSP------RPFGQGTRLEI-KR-
RASQSISSSSLA,GASNRAT,QQYGSSPPD,-EIVLTQSPGTLSLSGGERATLSCRASQS-----ISSSSLAWYQQKPGQAPRLLIYGASNRATGIPDKFSGSGSGTDFSLTISRLEPEDFAVYYCQQYGSSP------PDFGPGTKVDI-KR-
RASQGIRNDLG,AASSLQS,LQHNSYPLT,-DIQMTQSPSSLSASVGDRVTITCRASQ------GIRNDLGWYQQKPGKAPKRLIYAASSLQSGVPSRFSGSGSGTEFTLTISSLQPEDFATYYCLQHNSYP------LTFGGGTKVEI-KR-
SGSSSNIGNNYVS,DNNKRPS,GTWDSSLSAGV,-QSVLTQPPS-VSAAPGQKVTISCSGSSSN----IGNNYVSWYQQLPGTAPKLLIYDNNKRPSGILDRFSGSKSGTSATLGITGLQTGDEADYYCGTWDSSLSA----GVFGGGTKLTVLG--
RASQSVSSSTLA,GASSRVT,QQYGGSPPWT,-EIVLTQSPGTLSLSPGERATLSCRASQS-----VSSSTLAWYQQKVGQAPRLLIYGASSRVTGIPDRFSGSGSGTDFTLTISRLEPEDFAVYYCQQYGGSPP-----WTFGQGTKVEI-K--
RASQGISNYLA,AASTLQS,QQFNSYPIT,-DIQLTQSPSFLSASVGDRVTVTCRASQ------GISNYLAWYQQKPGKAPNLLIYAASTLQSGVPSRFSGSGSGTEFTLTISSLQPEDFATYYCQQFNSYP------IT-------------
GLSSGSVSTSSYPS,NTNTRSS,LLYVGSGT,-QTVVTQEPS-FSVSPGGTVTLTCGLSSGSV---STSSYPSWYQQTPGQGPRTLIYNTNTRSSGVPDRFSGSILGNKAALTITGAQADDESDYYCLLYVGSGT--------------------
RASQSVSSYLA,DASNKAT,QQSSKWPLT,-EIVLTQSPATLSLSPGERATLSCRASQ------SVSSYLAWYQQKPGQAPRLLIYDASNKATGVPARFSGSGSGTDFTLTISSLEPEDFAVYYCQQSSKWP------LTFGGGTKVEI-KG-
RASQSVSSNLA,GASTRAT,HEYNGWPPWT,-EILMTQSPATLSVSPGERVTLSCRASQ------SVSSNLAWYQQKPGQAPRLLIYGASTRATGIPARFSGSGSGTDFTLTINSLQSEDFALYYCHEYNGWPP-----WTFGQGTKVEI-KRT
QASQGIRNDLA,AASTLQS,QQLGAYPLT,-DIQMTQSPSSLSASVGDSVTITCQASQ------GIRNDLAWYQQKPGKAPKLLIYAASTLQSGVPSRFSGSGSGTEFTLTINGLQPEDFATYYCQQLGAYP------LTFGGGTKLEI-KR-
TGTSSDVGGYNYVS,EVSKRPS,SAYAPTGIMM,-QSALTQPAS-VSGSPGQSITISCTGTSSDV---GGYNYVSWYQQYPGKAPKLLIYEVSKRPSGVSNRFSGSKSGNTASLTISGLQTEDEADYFCSAYAPTGI-----MMFGGGTKLTVLG--
RSSQSLLHSNGYNYLD,LGSNRAS,MQTLRIT,-DIVMTQSPLSLPVTPGEPASISCRSSQSLLHS-NGYNYLDWYLQKPGQSPQLLIYLGSNRASGVPDRFSGSGSGTDFTLKISRVEAEDVGVYYCMQTLRIT--------FGQGTRLEI-KR-
RASQSISSYLN,AASSLQS,QQTYSPPWT,-DIQMTQSPSSLSASVGDRVTITCRASQ------SISSYLNWYRQKAGKSPELLIYAASSLQSGVPSRFSGSGSGTDFTLTISSLQPEDFASYYCQQTYSPP------WTFGQGTKVEI-KR-
TGTSSDVGGYNYVS,DVIKRPS,SSNAGSFYV,-QSALTQPRS-VSGSPGQSVTISCTGTSSD---VGGYNYVSWYQQHPGKAPTLMIYDVIKRPSGVPDRFSGSKSGNTASLTISGLQAEDEADYYCSSNAGSFYV------FGTGTKVTVLG--
TGTSSDIGGYNFVS,DATKRPS,CSYAGDYTPGVV,-QSALTQPRS-VSGSPGQSVTISCTGTSSD---IGGYNFVSWYQQHPGKAPKLMIYDATKRPSGVPDRFSGSKSGNTASLTISGLQAEDEADYYCCSYAGDYTP---GVVFGGGTKLTVLG--
RASQSICSYLN,GAASLQS,HQSDNLPHT,-DIQMTQSPSSLSASVGDRVTITCRASQ------SICSYLNWYQQKPGKAPNLLIYGAASLQSGVPSRFSGSGSGTDFTLTISSLQPEDFATYYCHQSDNLP------HTFGQGTKLEI-KR-
TGTSSDVGAYNYVS,EVSNRPS,ISYTSSNPLVV,-QSALTQPAS-VSGSPGQSITISCTGTSSD---VGAYNYVSWYQQHPGKAPKLMIYEVSNRPSGVSNRFSGSKSGNTASLTISGLQADDEGDYYCISYTSSNPL----VVFGGGTKLTVLG--
QASQDISNYLN,DASNLET,QQYGKVPLT,-DIQMTQSPSSLSASVGDRVTITCQASQ------DISNYLNWYQQKPGKAPNLLIYDASNLETGVPSRFSGSGSGTDFTFTISSLQPEDIGTYHCQQYGKVP------LTFGGGTKVEI-KR-
SGDKLGNKYVC,QDTKRPS,QAWDSSTPYV,-SYELTQPPS-VSVSPGQTATITCSGDKLG------NKYVCWYQQKPGQSPVLVLYQDTKRPSGIPERFSGSNSGDTATLTISGTQAMDEADYYCQAWDSSTPY-----VFGTGTKVTVLG--
RASQSVSSSYLA,GASSRAT,QQYGSSPET,-EIVLTQSPGTLSLSPGERATLSCRASQS-----VSSSYLAWYQQKPGQAPRLLIYGASSRATGIPDRFSGSGSGTDFTLTISRLEPEDFAVYYCQQYGSSP------ETFGQGTKVEI-KR-
RASQSISSWLA,RASSLES,QQYNSYSPLT,-DIQMTQSPSTLSASVGDRVTITCRASQ------SISSWLAWYQQKPGKAPKLLIYRASSLESGVPSRFSGSGSGTEFTLTISSLQPDDFATYYCQQYNSYSP-----LTFGGGTKVEI-KR-
RASQSVSSNLA,GASTRAT,QQYRNWPRT,-EIVMTQSPATLSVSPGERATLSCRASQ------SVSSNLAWYQQKPGQAPRLLIYGASTRATGIPARFSGSGSGTEFTLTISSLQSEDFAVYYCQQYRNWP------RTFGQGTKVEI-K--
RASQNIDSWLA,GAFTLQN,QQAHSFPPT,-DIQMTQSPSTLSASIGDRVTITCRASQ------NIDSWLAWFQHKPGKAPKPLIYGAFTLQNGVPSRFSGSGSGTEFSLTISSLQPDDFATYFCQQAHSFP------PTFGGGTRLEI-KR-
RSSQSLVHSDGNTYLN,RVSNRDS,MQHTHWSPIT,-DVVMTQSPLSLPVTLGQPASISCRSSQSLVHS-DGNTYLNWFQQRPGQSPRRLIYRVSNRDSGVPDRFSGSGSGTDFTLKISRVEAEDVGLYYCMQHTHWSP-----ITFGQGTRLEI-KRT
RASQSVRSNLA,GASTRAN,QHYNNWPPWT,-EIVMTQLPATLSVSPGERATLSCRASQ------SVRSNLAWYQQKPGQAPRLLIYGASTRANGIPARFSGSGSGTEFTLTISGLQSDDFAVYYCQHYNNWPP-----WTFGQGTEVEV-KR-
RASQSVSSSYLA,GASSRAT,QQYGRSPRT,-EIVLTQSPGTLSLSPGERATLSCRASQS-----VSSSYLAWYQQKPGQAPRLLIYGASSRATGIPDRFSGSGSGTDFTLTISRLEPEDFAVYYCQQYGRSP------RTFGQGTKLEI-K--
KSSQSVLYSSNNKNYLA,WASTRES,QQYLTTPPT,-DIVMTQSPDSLAVSLGERATINCKSSQSVLYSSNNKNYLAWYQQKAGQPPKLLIYWASTRESGVPDRFSGSGSGTDFTLTISSLQAEDVAVYYCQQYLTTPP------TFGGGPRWRS-N--
KSSQSVLYSSNNKNYLA,WASTRES,HQYYGIPRT,-DIVMTQSPDSLAVSLGERATINCKSSQSVLYSSNNKNYLAWYQQKPGQPPKLLIYWASTRESGVPDRFSGSGSGTDFTLTISSLQAEDVAVYYCHQYYGIPR------TFGQGTKVEI-K--
RASQGIRNDLA,AASSLQS,LQHNSYPWT,-DIQMTQSPSSLSASVGDRVTITCRASQ------GIRNDLAWYQQKPGKAPKRLIYAASSLQSGVPSRFSGSGSGTEFTLTISSLQPEDFATYYCLQHNSYP------WTFGQGTKVEI-KP-
SGSSSNIGDNHVS,DNNKRPS,ATWDSSLSA,-QSVLTQPPS-VSAAPGQKVTISCSGSSSN----IGDNHVSWYQLLPGTAPELLIYDNNKRPSGIPDRFSGSKSGTSATLGITGLQTWDEADYYCATWDSSL------SAGV-----------
SGSSSNIGNNYVS,DNNKRPS,GTWDSSLSAVV,-QSVLTQPPS-VSAAPGQKVTISCSGSSSN----IGNNYVSWYQQLPGTAPKLLIYDNNKRPSGIPDRFSGSKSGTSATLGITGLQTGDEADYYCGTWDSSLSA----VVFGGGTKLTVL---
RASQSVSSSYLA,GASSRAT,QQYGSSL,-EIVLTQSPGTLSLSPGERATLSCRASQS-----VSSSYLAWYQQRPGQAPRLLIYGASSRATGIPDRFSGSGSGTDFTLTISRLEPEDFAVYYCQQYGSSL---------------------
QGDSLRSYYAS,GKNNRPS,NSRDSSGNHVV,-SSELTQDPA-VSVALGQTVRITCQGDS------LRSYYASWYQQKPGQAPVLVIYGKNNRPSGIPDRFSGSSSGNTASLTITGAQAEDEADYYCNSRDSSGNH----VVFGGGTKLTVLG--
RASQSVSTNLA,GASTRAT,QQYNNWP,-EIVMTQSPATLSVSPGERATLSCRASQ------SVSTNLAWYQQKPGQAPRLLIYGASTRATGIPARFSGSGSGTEFTLTISSLQSEDFVVYSCQQYNNWP---------------------
RASQSVSSYLA,DASNRAT,QQRSNWPLT,-EIVLTQSPATLSLSPGERATLSCRASQ------SVSSYLAWYQQKPGQAPRLLIYDASNRATGIPARFSGSGSGTDFTLTISSLEPEDFAVYYCQQRSNWP------LTFGPGTKVDI-K--
RASQGIRSWLA,AASTLET,QQANSFPLT,-EIVLTQSPSSVSASVGDRVTITCRASQ------GIRSWLAWYQQKPGKAPNLLIYAASTLETGVPSRFSGSGSGTDFTLTISSLQPEDFATYYCQQANSFP------LTFGGGTKLE-----
SGSTSNIGDNHVS,DSNKRPS,GTWDSSLSA,-QSVLTQPPS-VSAAPGQRVTISCSGSTSN----IGDNHVSWYQQLPPTAPELLIYDSNKRPSGIPDRFSGSKSGSSATLGITGLQTWDEADYYCGTWDSSL------SAVV-----------
RASQGISNYLA,AASTLQS,QQYYSTPT,-DIQMTQSPSSLSASVGDRVTITCRASQ------GISNYLAWYQQKPGKVPKLLIYAASTLQSGVPSRFSGSGSGTDFTLTISSLQPEDVAVYYCQQYYSTP-------TFGQGTKVEI-KR-
RESQGIRNDLG,GTSSLQS,QQTTSFPLT,-DIQMTQSPSSLSASVGDRVTITCRESQ------GIRNDLGWYQQKPGKAPKLLIYGTSSLQSGVPSRFSGSGSGTDFTLTISSLQPEDFATYYCQQTTSFP------LTFGGGTKLEI-K--
TGTSSNIGNNSSS,NGMKRPS,SSYAGSKQPVV,-QSQLTQPAS-VSGSPGQSVTISCTGTSSN----IGNNSSSWYQQHPGKAPKLVIYNGMKRPSGVPDRFSGSKSGNTASLTISGLQAEDEADYYCSSYAGSKQP----VVFGGGTKLTVL---
RASQSIGNWLA,KASNLKN,HHNDTFSWT,-DIQMTQSPSTLSASVGDSITITCRASQ------SIGNWLAWFQQKPGKAPNVLIYKASNLKNGIPSRFSGSGSGTEFTLTVINLQSDDFATYYCHHNDTFS------WTFGQGTKVLI-KR-
RASQSIGNWLA,KASNLKN,HHNDSFSWT,-DIQMTQSPSTLSASVGDSITITCRASQ------SIGNWLAWFQQKPGKAPNVLIYKASNLKNGIPSRFSGSGSGTEFTLTVINLQSDDFATYYCHHNDSFS------WTFGQGTKVLI-KR-
RASQSIGNWLA,KASNLKN,HHNDSFSWT,-DIQMTQSPSTLSASVGDSITITCRASQ------SIGNWLAWFQQKPGKAPNVLIYKASNLKNGIPSRFSGSGSGTEFTLTVINLQSDDFATYYCHHNDSFS------WTFGQGTKVLI-KR-
RASQSIGNWLA,KASNLKK,HHNETISWT,-DIQMTQSPSTLSASVGDSITITCRASQ------SIGNWLAWFQQKPGKAPNVLIYKASNLKKGIPSRFSGSGSGTEFTLTVINLQSDDFATYYCHHNETIS------WTFGQGTKVLI-KR-
TLTSAHNDYAIA,VHTDGSHNKGD,QTWGPGSNV,-HVILTQPPS-VSASLGASVKVTCTLTSA-----HNDYAIAWHQQQPHRGPRFLMRVHTDGSHNKGDGIPDRFSGSSSGAERYLTISSLQSEDEAEYYCQTWGPGS------NVFGGGTNLTVLG--
TLTSAHNDYAIA,VHTDGSHNKGD,QTWGPGSNV,-HVILTQPPS-VSASLGASVKVTCTLTSA-----HNDYAIAWHQQQPHRGPRFLMRVHTDGSHNKGDGIPDRFSGSSSGAERYLTISSLQSEDEADYYCQTWGPGS------NVFGGGTNVTVLG--
TLTSAHNDYAIA,VHTDGSHNKGD,QTWGPGSNV,-HVILTQPPS-VSASLGASVKVTCTLTSA-----HNDYAIAWHQQQPHRGPRFLMRVHTDGSHNKGDGIPDRFSGSSSGAERYLTISSLQSEDEAEYYCQTWGPGS------NVFGGGTNVTVLG--
TLTSAHNDYAIA,VHTDGSHNKGD,QTWGPGSNV,-HVILTQPPS-VSASLGASVKVTCTLTSA-----HNDYAIAWHQQQPHRGPRFLMRVHTDGSHNKGDGIPDRFSGSSSGAERYLTISSLQSEDEAEYYCQTWGPGS------NVFGGGTNVTVLG--
TLTSAHNDYAIA,VHTDGSHNKGD,QTWGPGSNV,-HVILTQPPS-VSASLGASVKVTCTLTSA-----HNDYAIAWHQQQPHRGPRFLMRVHTDGSHNKGDGIPDRFSGSSSGAERYLTISSLQSEDEAEYYCQTWGPGS------NVFGGGTNVTVLG--
TLTSAHNDYAIA,VHSDGSHNKGD,QTWGPGSNV,-HVLLTQSPS-VSASLGASVKLTCTLTSA-----HNDYAIAWHQQQPHKGPRFLMRVHSDGSHNKGDGIADRFSGSSSGAERYLTISSLQSEDEAEYYCQTWGPGS------NVFGGGTNVTVLG--
TGTSSDIGGYNYVS,DVSNRPS,SSYRSSSTRV,-QSALTQPAS-VSGSPGQSITISCTGTSSDI---GGYNYVSWYQQHPAKAPKLMIYDVSNRPSGVSNRFSGSKSGNTASLTISGLQAEDEADYYCSSYRSSST-----RVFGGGTKLTV-L--
RASQSISRWLA,KASSLES,QQYNSYS,-DIQMTQSPSTLSASVGDRVTITCRASQ------SISRWLAWYQQKPGKVPKLLIYKASSLESGVPSRFSGSGSGTEFTLTISSLQPDDFATYYCQQYNSYS--------FGPGTKVDI-K--
RSSLSLVDSDGNTYLN,QLSSRDS,MQGTHWPIT,-DVVVTQSPLSLPVTLGQPASISCRSSLSLVDS-DGNTYLNWFLQRPGQSPRRLIYQLSSRDSGVPDRFSGSGSGTDFTLKISRVEAEDVGVYYCMQGTHWP------ITFGQGTRLEI-KR-
RASQSISNSYLA,GASTRAT,QQYNNWPPT,-EIVMTQSPVTLSVSPGERATLSCRASQS-----ISNSYLAWYQQKPSGSPRLLIYGASTRATGIPARFSGSGSGTEFTLTISSLQSEDFAVYYCQQYNNWP------PTFGQGTRVEI-KR-
TGSSNIGAGYDVH,GNSNRPS,QSYDSSLSGWV,-QSVLTQPPS-VSGAPGQRVTISCTGSSNI----GAGYDVHWYQQLPGAAPKLLIYGNSNRPSGVPDRFSGSKSGTSASLAITGLQAEDEADYYCQSYDSSLSG----WVFGGGTKVTVLG--
SGRTSNIGRYYVY,NNNQRPS,AAWDDSLNNWV,-QSQLTQPPS-ASGTPGQRVTISCSGRTSN----IGRYYVYWFQQRPRTAPKLLIYNNNQRPSGVPDRISGSRSGTSASLAISGLRSEDEAHYYCAAWDDSLNN----WVFGGGTKLTVL---
RASKSVSTSGYSYMH,LVSNLES,QHIREL,-DIVLTQSPASLAVSLGERATISYRASKSVST--SGYSYMHWNQQKPGQPPRLLIYLVSNLESGVPARFSGSGSGTDFTLNIHPVEEEDAATYYCQHIREL----------------------
GGDNIGSKSVN,DDNERPS,QVWDSSSDHVV,-QSQLTQPPS-VSVAPGQTARITCGGDN------IGSKSVNWFQQKPGQAPVLVVYDDNERPSGISERFSGSNSGNTATLTISRVEAGDEADYYCQVWDSSSDH----VVFGGGTKLTVL---
QASQNVNAYLN,GASTREA,QQYNNWPPT,-DIQMTQSPSSLSVSVGDRVTITCQASQ------NVNAYLNWYQQKPGLAPKLLIYGASTREAGVPSRFSGSGSGTDFTFTISSLQPEDIATYYCQQYNNWP------PTFGQGTKVEV-KR-
RASQSVSTSTYNYMH,YASNLES,QHSWEIPYT,-EIVMTQSPATLSVSPGERATLSCRASQSVST--STYNYMHWYQQKPGQSPRLLIKYASNLESGIPARFSGSGSGTEFTLTISRLESEDFAVYYCQHSWEIP------YTFGQGTRVEI-K--
RASQDISDRLA,GASSLQS,QQANSFPLT,-DIQMTQSPSSVSASVGDRVTIACRASQ------DISDRLAWYQQKPGKVPKVLIYGASSLQSGVPSRFSGSGSGTDFTLTINSLQPEDFATYYCQQANSFP------LTFGGGTKVEM-KR-
SGTSSNIGSSTVN,RDAMRPS,AAWDVSLNAYV,-ESVLTQPPS-ASGTPGQRVTISCSGTSSN----IGSSTVNWYQQLPGMAPKLLIYRDAMRPSGVPDRFSGSKSGASASLAIGGLQSEDETDYYCAAWDVSLNA----YVFGTGTKVTVLGQP
RASQGIRNELG,AASTLQS,LQHNSYP,-DIQMTQSPSSLSASVGDRVTITCRASQ------GIRNELGWYQQKRGEAPKLLIYAASTLQSGVPSRFSGSGSGTEFTLTISSLQPEDFATYYCLQHNSYP---------------------
SGNEIGGKFAY,HDDDRPS,QVWDTSAGVV,-SYELTQPPS-LSVSPGQTARITCSGNE------IGGKFAYWYQQKPGQSPVLVIYHDDDRPSGIPERFSGSNSGNTAILTISGTQAMDEADYYCQVWDTSAG-----VVFGGGTKLTV-LG-
RASQSVDNYYLG,GASSRAT,QHYGSSPPWT,-EFVLTQSPGTLSLSPGDRATLSCRASQS-----VDNYYLGWYQQKPGQAPRLLIFGASSRATGIPDRFSGSGSGTDFTLTISRLEPEDFAIYYCQHYGSSPP-----WTFGQGTKVEM-KR-
RASQGIRNDLT,GATSLQS,LQYSSFPWT,-DIQMTQSPSSLSASVGDRVTITCRASQ------GIRNDLTWYQQKPGTAPKRLIYGATSLQSGVPSRFSGSGSGTEFTLTINSLQPEDFATYYCLQYSSFP------WTFGQGTKVEV-KRT
SANALPNQYAY,KDTQRPS,QAWDNSASI,-SYELTQPPS-VSVSPGQTARITCSANA------LPNQYAYWYQQKPGRAPVMVIYKDTQRPSGIPQRFSSSTSGTTVTLTISGVQAEDEADYYCQAWDNSA------SIFGGGTKLTVLGQP
RASQSVGTNLA,DASTRDT,QQYDNWPPT,-MAELTQSPATLSVSPGERATLSCRASQ------SVGTNLAWYQQKPGQAPRLLIFDASTRDTYIPDTFSGSGSGTDFALTISSLQSEDFGFYYCQQYDNWP------PTFGQGPKLEV-KRT
RASQSVGTNLA,DASTRDT,QQYDNWPPT,-MAELTQSPATLSVSPGERATLSCRASQ------SVGTNLAWYQQKPGQAPRLLIFDASTRDTYIPDTFSGSGSGTDFALTISSLQSEDFGFYYCQQYDNWP------PTFGQGTKLEV-KRI
TGTSSDVGAYNSVS,DVTKRPS,CSYAGRYSVI,-ESALTQPRS-VSGSPGQSVTISCTGTSSDV---GAYNSVSWYQQHPGKAPKLMIFDVTKRPSGVPDRLSGSKSGDTASLTISGLRADDEADYYCCSYAGRYS-----VIFGGGTKLTVLG--
RASQSIFGYLA,KASILED,QQYNTYPT,-DIQMTQSPSTLSASVGDRVTITCRASQ------SIFGYLAWYQQKPGKAPKLLISKASILEDGVPSRFSGSGSGTEFTLTISSLQPDDFATYYCQQYNTYP-------TFGQGTKVEI-KR-
RASQSISRWLA,WASTRKS,QHYDSFSPS,-DVVMTQSPSTVSASVGDRVTLTCRASQ------SISRWLAWYQQKPGQPPKLLIYWASTRKSGVPDRFSGSGSGTDFTLTISSLQADDFATYYCQHYDSFS------PSFGQGTKVEI-KR-
RASQSVSSNLA,GASTRAT,QQHNNWPPLT,-MAELTQSPATLSVSPGERATLSCRASQ------SVSSNLAWYQQKPGQAPRLLIYGASTRATGIPARFSGSGSGTEFSLTISSLQSEDFAIYYCQQHNNWPP-----LTFGGGTKVEI-KRT
RASQSISSYLN,AASSLQS,QQSYSTPLT,-ELVMTQSPSSLSASVGDRVTITCRASQ------SISSYLNWYQQKPGKAPKLLIYAASSLQSGVPSRFSGSGSGTDFTLTISSLQPEDFATYYCQQSYSTP------LTFGGGTK-------
RASQSVSSSYLA,GASSRAT,QQYGSSPMYT,-EIVLTQSPGTLSLSPGERATLSCRASQS-----VSSSYLAWYQQKPGQAPRLLIYGASSRATGIPDRFSGSGSGTDFTLTISRLEPEDFAVYYCQQYGSSPM-----YTFGQGTKLEI-KR-
RASQSVSSSYLA,GASSRAT,QQYGSSPMYT,-EIVLTQSPGTLSLSPGERATLSCRASQS-----VSSSYLAWYQQKPGQAPRLLIYGASSRATGIPDRFSGSGSGTDFTLTISRLEPEDFAVYYCQQYGSSPM-----YTFGQGTKLEI-KR-
KASQDVGSAVV,WASTRHT,QQYSIFPLT,-DIQMTQSPSTLSASVGDRVTITCKASQ------DVGSAVVWHQQKPGKAPKLLIYWASTRHTGVPSRFTGSGSGTEFTLTISSLQPDDFATYFCQQYSIFP------LTFGQGTKVEV-K--
RASQSIGLWLA,AASTLQT,QQLISYPLT,-DIQMTQSPSTLSASIGDRVTITCRASQ------SIGLWLAWYQQKPGKAPKLLIYAASTLQTGVPSTFSGSGSGTEFTLTISSLRPEDFATYYCQQLISYP------LTFGGGTKVEI-KR-
KASQNIDKYLN,NTNNLQT,LQHISRPRT,-DIQMTQSPSSLSASVGDRVTITCKASQ------NIDKYLNWYQQKPGKAPKLLIYNTNNLQTGVPSRFSGSGSGTDFTFTISSLQPEDIATYYCLQHISRP------RTFGQGTKVEI-KR-
SGDRLGDEFAS,EDNKRPS,LAWASSLWV,-QSQLTQPAS-VSVSPGQTASITCSGDR------LGDEFASWYQQKPGQSPILVIFEDNKRPSGIPERFSGSNSGNTATLTISGTQAMDEADYYCLAWASSL------WVFGGGTKLTVL---
KSSQSLLYSSNQKIYLA,WASTRES,QQYYRYPRT,-DIQMTQSPSSLSASVGDRVTITCKSSQSLLYSSNQKIYLAWYQQKPGKAPKLLIYWASTRESGVPSRFSGSGSGTDFTFTISSLQPEDIATYYCQQYYRYP------RTFGQGTKVEI-KR-
RSSQSLVHSDGNTYLS,KISNRFS,MQATQFP,-DIVMTQTPLSSPVTLGQPASISCRSSQSLVHS-DGNTYLSWLQQRPGQPPRLLIYKISNRFSGVPDRFSGSGAGTDFTLKISRVEAEDVGVYYCMQATQFP---------------------
RASQSISSNLA,AASTRAT,QQYDDWPPIT,-DIVMTQVPATLSVSPGEGATLSCRASQ------SISSNLAWYQQKPGQAPRLLIYAASTRATGIPARFSGSGSGTEFTLTISSLQSEDFAVYYCQQYDDWPP-----ITFGQGTRLEI-KRT
RASQGISSYLA,ATSTLQS,QQLNSYPPYT,-DTQLTQSPSFLSASVGDRVTITCRASQ------GISSYLAWYQQKPGKAPRLLIYATSTLQSGVPSRFSGSGSGTEFTLTISSLQPEDFATYYCQQLNSYPP-----YTFGQGTKLEI-N--
AGTGSDVGRYSLVS,EDNKRPS,CSYAGSGTSL,-QSQLTQPAS-VSGSPGQSITLSCAGTGSDV---GRYSLVSWYQQYPGKAPKVIIYEDNKRPSGVSDRFSGSKSGTTASLTVSGLQAEDEADYYCCSYAGSGT-----SLFGTGTKVTVL---
RASQSISSYLN,AASSLQG,QQSYSTPWT,-ELVMTQSPSSLSASVGDRVTITCRASQ------SISSYLNWYQQKPGKAPKLLIYAASSLQGGVPSRFIGSGSGTDFTLTISSLQPEDFATYYCQQSYSTP------WTFGQGTKVEI-KR-
GGYNNGSSSVH,DDSDRPS,QVWDRGSDSYV,-QSQLTQPPS-VSVAPGQTARINCGGYN------NGSSSVHWYQQKSGQAPVLVVYDDSDRPSGIPERFSGSNSGTTATLTISRVEAGDEADYYCQVWDRGSD----SYVFGTGTEVTVL---
EGNDIGERSVH,DDADRPS,QSWDNGSYEVV,VTFYELTQPPS-VSLAAGQTAMITCEGND------IGERSVHWYQQKPGQAPVPVIYDDADRPSGVPARFSGYNSGNSAILTINRVEAGDEADYFCQSWDNGSYE----VVFGTGTMVTVLGQP
RASQSVSNSYLA,GASSRAT,QQYGSSPQT,-EIVLTQSPGTLSLSPGERATLSCRASQS-----VSNSYLAWYQQKPGQAPRLLIYGASSRATGIPDRFSGSGSGTDFTLTISRLEPDDFAVYYCQQYGSSP------QTFGQGSKVEI-KR-
KASKSISNYLA,YGSTLRS,QQYYERPLT,-DIQMTQSPSSLSASVGDRVTITCKASK------SISNYLAWYQQKPGKAPKLLIYYGSTLRSGVPSRFSGSGSGTDFTFTISSLQPEDIATYYCQQYYERP------LTFGQGTKVEI-KR-
RASENISRYSN,AASTLQS,QQTYSSPFT,-ELVMTQSPSSLSASEGDTVTITCRASE------NISRYSNWYQQQPGKAPKLLISAASTLQSGVPSRFSGSGSGTHFTLTINSLQPGDFATYYCQQTYSSP------FTFGQGTKLEI-KRT
TGTSSNIGAGYDVY,RNSNRPS,QSYDSRLIRV,-QSVLTQPPS-VSGPPGQRVTISCTGTSSNI---GAGYDVYWYQQLPDTSPRVLIYRNSNRPSGVPDRFSGSKSGTSASLAITGLQAEDEADYYCQSYDSRLI-----RVFGGGTKLTVLG--
RASQSISSYLN,AASNLQS,QQSYSTPFT,-ELVMTQSPSSLSASVGDRVTITCRASQ------SISSYLNWYQQKPGKAPKLLIYAASNLQSGVPSRFSGSGSGTDFTLTISSLQPEDFATYYCQQSYSTP------FTFGGGTKVEI-KR-
RASQGISSWLA,AASSLQS,QQADSLPFT,-DIQMTQSPSSVSASVGDRVTVTCRASQ------GISSWLAWYQQKPGKAPKLLIHAASSLQSGVPSRFIGSGSGTDFTLTITSLQAEDFATYYCQQADSLP------FTFGGGTKVDF-KR-
RSSQSLLHSNGYNYLD,LSSSRAS,MQALQPPYT,-ELVMTQSPFSLPVTPGEPASISCRSSQSLLHS-NGYNYLDWYLQKPGQSPQLLIYLSSSRASGVPDRFSGSGSGTDFTLKISRVEAEDVGVYYCMQALQPP------YTFGQGTKLE-----
RASQSISSWLA,KASSLQS,QQYDTYPYT,-DIQMTQSPSTLSACVGYRVTITCRASQ------SISSWLAWYQQKPGIAPKLLIYKASSLQSGVSSRFSGSGSGTDFTLTISSLQPDDFATSYCQQYDTYP------YTFGQGTKLEI-KR-
RASQSISSYLN,AASTLQS,QQSYGTPYT,-ELVMTQSPSSLSASVGDRVIITCRASQ------SISSYLNWYQQKPGTAPKLLIYAASTLQSGVPSRFSGSGSGTDFTLTISSLQPEDFATYYCQQSYGTP------YTFGQGTKLEI-KR-
RSSQSLLHSNGYNYLD,LGSTRAS,MQARQIPYT,-ELVMTQSPLSLPVTPGEPASISCRSSQSLLHS-NGYNYLDWYLQKPGQSPQLLIYLGSTRASGVPDRFSGSGSGTDFTLKISRVEAEDVGVYYCMQARQIP------YTFG-----------
FGSSSNIGRYYVY,KDNQRPS,AAWDDSLWV,-ESVLTQPPS-ASGTPGQRVTISCFGSSSN----IGRYYVYWYQQLPGTTPKLLIYKDNQRPSGVPDRFSGSKSGTSASLAISGLRSEDEADYYCAAWDDSL------WVFGGGTTLTVLSQP
QASQDISNYLN,DVSNLEI,QQYDNLPPGAT,-DIQMTQSPSSLSASVGDRVTITCQASQ------DISNYLNWYQQKPGKAPKLLIYDVSNLEIGVPSRFSGSGSGTDFTFTISSLQPEDFATYYCQQYDNLPPG----ATFGGGTKVEI-K--
RSSQSLLHGNGYNYLD,LGSNRAS,MQALQPPYT,-ELVMTQSPLSLPVTPGEPASISCRSSQSLLHG-NGYNYLDWYLQKPGQSPQLLIYLGSNRASGVPDRFSGSGSGTDFTLKISRVEAEDVGVYYCMQALQPP------YTFGQGTKL------
TGSSSNIGAGNHVK,HNNAR,QSYDRSLRV,-ESVLTQPPS-VSGAPGQRVTISCTGSSSNI---GAGNHVKWYQQLPGTAPKLLIFHNNAR-------FSVSKSGSSATLAITGLQAEDEADYYCQSYDRSL------RVFGGGTKLTVLRQP
SGDNLGDKYAS,QDNKRPS,QAWDTNTAV,-QSQLTQPAS-VSVSPGQTATIPCSGDN------LGDKYASWFQQKPGQSPVLVIYQDNKRPSGIPERFSGSNSGSTATLTISGTQAMDEADYYCQAWDTNT------AVFGGGTKVTVL---
RASQSINRFLN,GASSLQS,QQSYSTPPDT,-DLKMTQSPSSLPASVGDTVTITCRASQ------SINRFLNWYQQKPGKAPKLLIYGASSLQSGFSSRFSGSGSGTEFTLTIRSLQPEDFATYYCQQSYSTPP-----DTFGQGTKVEI-KR-
RASQSVSSGYLG,GASSRAT,QQYGSLGRT,-EIVLTQSPGTLSLSPGERATLSCRASQS-----VSSGYLGWYQQKPGQAPRLLIYGASSRATGIPDRFSGSGSGTDFTLTISRLEPEDFAVYYCQQYGSLG------RTFGQGTKVEI-KR-
RASQDIRIYLT,DASKLET,QQHDHLPLT,-DIQMTQSPSSLSASAGDRVTITCRASQ------DIRIYLTWYQQKPGKAPKLLIYDASKLETGVPSRFSGTGSGTVFTFTISSLQPEDFATYYCQQHDHLP------LTFGGGTKVEM-KR-
RASQGIRNDLG,AASSLQS,LQHNSYPPT,-DIQMTQSPSSLSASVGDRVTITCRASQ------GIRNDLGWYQQKPGKAPKLLIFAASSLQSGVPSRFSGSGSGTEFTLTISSLQPEDFATYYCLQHNSYP------PTFGQGTKVEI-KR-
RASQSVSNTFLA,DTSSRAT,QQYGYSLT,-MAELTQSPGTLSLSPGERATLSCRASQS-----VSNTFLAWYQQKPGQAPRLLIYDTSSRATGVPHRFTGSGSGTDFTLTISSLQSEDFAVYYCQQYGYS-------LTFGGGTKVEI-KRT
SGSSSNIGNNYVS,DNNKRPS,GTWDGRLTAAV,-QSVLTQPPS-VSAAPGQKVTISCSGSSSN----IGNNYVSWYQHLPGTAPNLLIYDNNKRPSGIPDRFSGSKSGTSATLGITGLQTGDEADYYCGTWDGRLTA----AVFGSGTKVTVLW--
RASQRLSSADLA,DASNRAT,QQYGGSPPT,-EIVLTQSPGTVSLSPGERATLSCRASQR-----LSSADLAWYQQKPGQAPRLLIYDASNRATGVPDRFSGSGSGTDFTLIITGLEPEDFAMYYCQQYGGSP------PTFGGGTKVEI-KR-
TGTSSDVGDYNYVS,EVRKRPS,SSYAGGNNV,-QSQLTQPAS-ASGSPGQSVTISCTGTSSDV---GDYNYVSWYQQHPGKAPKLMIYEVRKRPSGVPDRFSGSKSGNTASLTVSGLQAEDEADYYCSSYAGGN------NVFGTGTKVTV----
RASQSISNYLN,AASTLQS,QQTNSFPLT,-EIVLTQSPSSLSASVGDRVTITCRASQ------SISNYLNWYQQKPGKAPKLLIYAASTLQSGVPSRFSGSGSGTDFTLTINSLQPEDFATYYCQQTNSFP------LTFGGGTKLEI-KR-
RASQSISSYLN,AASSLQS,QQYSNYPLT,-EIVLTQSPSSLSASVGDRVTITCRASQ------SISSYLNWYQQKPGKAPKLLIYAASSLQSGVPSRFSGSGSGTDFTLTISSLQPEDFATYYCQQYSNYP------LTFGGGTKVDI-K--
RASQSVSNNLA,GASTRAT,QHYNNWPPSS,-MAELTQSPSTLSVSPGERATLSCRASQ------SVSNNLAWYQQKSGQAPRLLIYGASTRATGIPARFSGSGSGTEFTLAISGLQSEDFAVYYCQHYNNWPP-----SSFGQGTKLEI-KR-
RSSQSLLLSDGDTYLN,KVSNRDS,MQGAHWPYT,-AEELTQSPLSLPVTLGQPASISCRSSQSLLLS-DGDTYLNWYQQRPGQSPRRLIYKVSNRDSGVPDRFSGSGSGTDFTLKISRVEAEDVGVYYCMQGAHWP------YTFGQGTKLEI-KR-
RSSQSLVYSDGNTYLN,KVSNRDS,MQGTHWPKT,-AEELTQSPLSLPVTLGQPASISCRSSQSLVYS-DGNTYLNWFQQRPGQSPRRLIYKVSNRDSGVPDRFSGSGSGTDFTLKISRVEAEDVGVYYCMQGTHWP------KTFGQGTKVEI-KR-
RASQNVSSYLA,DASNRAT,QQRSNWPQT,-EIVLTQSPAILSLCPGERATLSCRASQ------NVSSYLAWYQQKPGQAPRLLISDASNRATGIPARFSGSGSGTDFTLTINNLEPEDFAVYYCQQRSNWP------QTFGQGTKVEI-KR-
RASQTISSNLA,GASTRAT,QHYNRLPPWT,-EIVMTQSPATLSVSPGERATLSCRASQ------TISSNLAWYQQKPGQAPRLLIYGASTRATGIPARFSGSGSGTEFTLTISSLESEDFAVYYCQHYNRLPP-----WTFGQGTRVEI-KR-
RASQSVSSYLA,DASNRAT,QQRSTWPWT,-EIVLTQSPATLSLSPGERATLSCRASQ------SVSSYLAWYQQKAGQAPRLLIYDASNRATGIPARFSGSGSGTDFTLTISRLEPEDFAVYYCQQRSTWP------WTFGQGTKVEI-KR-
QASQSIYNYLN,RASSLQR,QQGVRLPYT,-ELQMTQSPSSLSASVGDRATVSCQASQ------SIYNYLNWYQQKPGKAPKFLTYRASSLQRGMPSQFSGSGYGRDFTLTVSSLQPDDFATYYCQQGVRLP------YTFGQGTKVEI-KRS
GASQSVSSSYLA,DASSRAT,QHRNQVPFT,-ELVLTQSPGTLSLSPGERATLSCGASQS-----VSSSYLAWYQQKPGLAPRLLIYDASSRATGIPDRFSGSGSGTDFTLTISRLEPEDFAAYYCQHRNQVP------FTFGQGTKVEI-KRS
RASQSVSSNLA,GASTRPT,QHPRRLPLT,-ELVLTQSPGTLSVSPGERATLSCRASQ------SVSSNLAWYQQKPGQAPRLLIYGASTRPTGIPARFSGSGSGTEFTLTISSLQSEDFATYYCQHPRRLP------LTFGQGTKVEI-KRS
RASQSVSSSYLA,GASSRAT,QQYNHVPGT,-ELVLTQSPGTLSLSPGERATLSCRASQS-----VSSSYLAWYQQKPGQAPRLLIYGASSRATGIPDRFSGSGSGTDFTLTISRLEPEDFAVYYCQQYNHVP------GTFGQGTKVEI-KRS
RASQSVSSNLA,GASTRAT,QQGLRAPFT,-ELVLTQSPATLSLSPGERATLSCRASQ------SVSSNLAWYQQKPGQAPRLLIYGASTRATGIPARFSGSGSGTEFTLTISSLQSEDFAVYYCQQGLRAP------FTFGQGTKVEI-KRS
RASQGISNNLN,AASSFQS,QQPLSSPHT,-ELQMTQSPSSLSASVGGRVTITCRASQ------GISNNLNWYQQKPGKTPKLLIYAASSFQSGVPSRFSGSGSGTDFTLTISSLQPEDFATYYCQQPLSSP------HTFGQGTKVEI-KRS
SGDALPNQYAY,KDNERPS,QS,-NFQLTQPHA-VSVSPGQTARITCSGDA------LPNQYAYWYQQRPGQAPVMVMYKDNERPSGIPERFSGSSSGTTVTLTISGVQAEDEADYYCQS--------------------------
TGPSSPVGGYKPIS,IRGMQRS,AY,-QSALTQPAS-LSGSPGQSITISCTGPSSPV---GGYKPISWYHQHPGTAPKLMIYIRGMQRSGVPDRFSGSKSGNTASLTISGLRAMDEADYYCAY--------------------------
KSSQSVLYSSNNKNYLA,WASTRES,QQYYSTPPT,-DIVMTQSPDSLAVSLGERATINCKSSQSVLYSSNNKNYLAWYQQKPGQPPKLLIYWASTRESGVPDRFSGSGSGTDFTLTISSLQAEDVAVYYCQQYYSTP------PTFGQGTKVEI-KRT
RASQSVSSNYLA,GASNRAT,QQYDRSVPLT,-EIVLTQSPGTLSLSPGERATLSCRASQS-----VSSNYLAWYQHKPGQAPRLLIYGASNRATGIPDRFSGSGSGTDFTLTISRVEPGDFAVYYCQQYDRSVP-----LTFGGGTKVEI-KR-
RASQSVASSYLA,GASSRAT,QQYGSSPRT,-EIVLTQSPGTLSLSPGERATLSCRASQS-----VASSYLAWYQQKPGQAPRLLIYGASSRATRIPDKFSGSGSGTDFTLTISRLEPEDFAVYYCQQYGSSP------RTFGQGTKVEI-KR-
RASQTISRWLA,KASSLES,QQYNSYPYT,-DIQMTQSPSTLSASVGDRVTITCRASQ------TISRWLAWYQQKPGKAPKLVIYKASSLESGVPSRFSGSGSGTEFTLTISSLQPDDFATYYCQQYNSYP------YTFGQGTRLEI-KR-
TLRSGINVGAYRIF,YKSDSDK,MIWYSSAWV,-QAVLTQPAS-LSASPGTSASLTCTLRSGIN---VGAYRIFWYQQKPGSPPQYLLRYKSDSDKQKGSGVPSRFSGFKDASANAGILLISGLQSEDEADYYCMIWYSSA------WVFGGGTTLTVLG--
RASQVIRNDLV,AASSLQS,LQHFSYPYT,-DIQMTQSPSSLSASVGDRVTITCRASQ------VIRNDLVWFQQKPGIAPKRLIYAASSLQSGVPSRFSGSGFGTEFTLTISSLQPEDFATYYCLQHFSYP------YTFGQGTKLEI-KR-
QGDSLRGYYAT,GKNNRPS,NSRDSIGSHRV,-SSELTQDPA-VSVALGQTVRITCQGDS------LRGYYATWYQQKPGQAPVLVIYGKNNRPSGIPDRFSGSSSGNTASLTITGAQAEDEADYYCNSRDSIGSH----RVFGGGTKLTVLG--
QGDSLRSYYAS,GKNNRPS,NSRDSSGITNVV,-SSELTQDPA-VSVALGQTVRITCQGDS------LRSYYASWYQQKPGQAPVLVIYGKNNRPSGIPDRFSGSSSGNTASLTITGAQAEDEADYYCNSRDSSGITN---VVFGGGTKLTVLG--
QGDRLRSYYVS,GKNNRPS,NSRDSSGNHLL,-ASELTQDPV-VSVALGQTVRITCQGDR------LRSYYVSWYQQKPRQAPVLVIYGKNNRPSGIPDRFSGSSSGNTASLTITGAQAEDEADYYCNSRDSSGNH----LLFGGGTKLTVLG--
QGDSLRRSYAS,GKNNRPS,NSRDSTGNPPVL,-SSELTQDPA-VSVALGQTVRITCQGDS------LRRSYASWYQQKPGQAPVLVMFGKNNRPSGIPDRFSGSSSGNTASLTITGTQAEDEADYYCNSRDSTGNPP---VLFGGGTKLTVLG--
QGGGLRSYSAT,GNNNRPS,NSRDSNGNHYV,-ASELTQDPA-VSVALGQTVRITCQGGG------LRSYSATWYQQKPGQAPVLVIYGNNNRPSGIPDRFSGSTSGNTASLTITGAQAEDEADYYCNSRDSNGNH----YVFGTGTKVTVLG--
SGSSSNIGINDVS,ANDKRPS,GSWDRSLSAEV,-QSVLTQPPS-VSAAPGQKVTISCSGSSSN----IGINDVSWYQQLPGTAPKLLIYANDKRPSGIPDRFSGSKSGTSATLGITGLQTGDEADYYCGSWDRSLSA----EVFGGGTKLTVLG--
RASQTIGTSIH,YASESIS,QQSSSWPLT,-EIVLTQSPGTLSLSPGERATLSCRASQ------TIGTSIHWYQQRPGQAPRLLIYYASESISGIPDRFSGSGSGTDFTLTISRLEPEDFAVYYCQQSSSWP------LTFGQGTKVEI-K--
RASESVDSYGNSFMH,RASNLET,QQSNEDPRT,-EIVLTQSPATLSLSPGERATLSCRASESVDS--YGNSFMHWYQQKPGQAPRLLIYRASNLETGIPARFSGSGSRTDFTLTYSSLEPEDFAVYYCQQSNEDP------RTFGGGTKVEE-K--
TGTSSDVGTYNYVS,EVSKRPS,SSYAGSNNWL,-QSALTQPPS-ASGSLGQSVTFSCTGTSSDV---GTYNYVSWYQQHPGKAPKLMIYEVSKRPSGVPDRFSGSKSGSTASLTVSGLQAEDEADYYCSSYAGSNN-----WLFGGGTKLTVLG--
GGHNIGGKAVH,DDSDRPS,QVWDGSSDHWV,-SYVLTQPPS-LSLAPGQTATITCGGHN------IGGKAVHWYQQMPGQAPVPVVHDDSDRPSGIPARFSGSNSGNTATLTISRVEAGDEADYYCQVWDGSSDH----WVFGGGTKLTVLG--
KSSQSILYSSSNKNYLG,WASTRES,QQYYSTPLT,-EIVMTQSPDSLAVSLGERATINCKSSQSILYSSSNKNYLGWYQQKPGQPPKLLIYWASTRESGVPDRFSGSGSGTDFTLTISSLQAEDVAVYYCQQYYSTP------LTFGQGTKLEI-KR-
RASQSVSSSYLA,GASSRAT,HQYGSSPQT,-EIVLTQSPGTLSLSPGERATLSCRASQS-----VSSSYLAWYQQKPGQAPRLLIYGASSRATGIPDRFSGSGSGTDFTLTISRLEPEDSAVYYCHQYGSSP------QTFGQGTKVEI-KR-
SGDALPKQYSY,KDSERPS,QSADNSGIYVV,-SYELTQPPS-VSVSPGQTARITCSGDA------LPKQYSYWYQQRPGQAPLMVIYKDSERPSGIPERFSGSRSGTTLTLIISGVQAEDGADYYCQSADNSGIY----VVFGGGTKLTVLG--
RASENIYSNLA,AATNLAD,QHFWGTPYT,-RIQMTQSPASLSVSVGELVTITCRASE------NIYSNLAWYQQKQGKSPQLLVYAATNLADGVPSRFSGSGSGTQYSLKINSLQSEDFGSYYCQHFWGTP------YTFGGGTRLEI-KRV
RASQSIDIYLN,AASSLQS,QQSSSTPQT,-ELQLTQSPSSLSASVGVRVNLTCRASQ------SIDIYLNWYQQKPGNAPKLLIYAASSLQSGVPSRFSGSGSGTDFTLTISSLQREDFATYYCQQSSSTP------QTFGPGTVVVI-KR-
GGNNIGSISVH,DDSDRPS,QVWDSTSDHFVI,-SYELTQPPS-VSVAPGQTARISCGGNN------IGSISVHWYQQRPGQAPVLVVYDDSDRPSGIPERFSGSKSGNTAILTISRVEAGDEVDYYCQVWDSTSDHF---VIFGGGTKLTVL---
RASQSISTYLN,YATNLQS,QQSSNTVT,-DIQMTQSPSSLSASVGDRVIITCRASQ------SISTYLNWYQQKPGKAPKLLIYYATNLQSGVPSRFSGSGSGTDFTLTISSLQPEDFATYYCQQSSNT-------VTFGPGTKVDM-K--
RAGQSISTWLA,GASNLES,QQYNGY,-DVQMTQSPSTLSASVGDRVTITCRAGQ------SISTWLAWYQQKSGNAPKLLIYGASNLESGVPSRFSGSGSGTDFTLTISSLQPDDSATYYCQQYNGY---------FGQGTKLEI-KR-
RASQGIRNDLG,AASSLES,LQDYSYPLT,-AIQMRQSPSSLSASVGDRVTITCRASQ------GIRNDLGWNQQKPGKAPKLLIYAASSLESGVPSRFSGSGFGTDFTLTISSLQPEDFATYYCLQDYSYP------LTFGGGTKVVI-SR-
KSSQSVLSSSNNKNYLA,WASSRES,HQYYSSPFT,-DIVMTQSPDSLAVSLGERATINCKSSQSVLSSSNNKNYLAWYQQRPGQPPKLLIHWASSRESGVLDRFSGSGSGTDFTLTISSLQTEDVAVYYCHQYYSSP------FTFGPGTKVDI-KR-
AGNSSNIGAGYHVH,GNNNRPS,QSFDINLSGSV,-QSVLTQPPS-VSGAPGQRVTISCAGNSSNI---GAGYHVHWYQHLPGTAPKLLIHGNNNRPSGVPDRFSGSKSGTSASLAITGLQAEDEADYFCQSFDINLSG----SVFGGGTKLTVLRQP
TGSSSNIGAGYDVH,GNNNRPS,QSYDRSLSSWV,-QSVLTQPPS-VSGAPGQRVTISCTGSSSNI---GAGYDVHWYQHLPGTAPKLLIYGNNNRPSDVPDRFSGSKSGTSASLAITGLQAEDEADYYCQSYDRSLSS----WVFGGGTKLTVLRQP
SGDALPKKYAY,EDSKRPS,YSSDNRGDYWF,-SYELTQPPS-VSVSPGQTARITCSGDA------LPKKYAYWYQQKSGQAPVLVIYEDSKRPSGIPERFSGSSSGTMATLTISGAQVDDEADYYCYSSDNRGDY----WFFGGGTKLTVLGQP
KSSQSVMHTSNQRNYLA,WASTRES,QQYYTTPTYT,-DIVMTQSPDSLAVSLGERATMHCKSSQSVMHTSNQRNYLAWYQQRPGQSPRLLIYWASTRESGVPDRFSGSGSGTDFTLTISSLQAEDVAVYYCQQYYTTPT-----YTFGQGTKLEI-K--
SGTSSDVGAYKYVS,EVNQRPS,ASYAGSNIVI,-QSALTQPPS-ASGSPGQSVTISCSGTSSDV---GAYKYVSWFQQHPGKAPKLMIYEVNQRPSGVPDRFSGSKSGNTASLTVSGLQPEDEADYYCASYAGSNI-----VIFGGGTKLTVLG--
RASQSISGWLA,KTSTLES,QQYNSLIT,-DIQMTQSPSTLPASVGDRVTITCRASQ------SISGWLAWYQQKPGKAPKLLIHKTSTLESGVPSRFSGSGSGTEFTLTISSLQPDDFATYYCQQYNSL-------ITFGPGTKVDI-K--
TGSSGSIASNYVQ,ADNQRPS,QSYDRNNLV,-NFMLTQPHS-VSESPGKTVTISCTGSSGS----IASNYVQWYQQRPGSAPTTVIYADNQRPSGVPDRFSGSIDSSSNSASLTISGLKTEDEGDYYCQSYDRNN------LVFGGGTKLTVLG--
RASQGISNYLA,GASTLQL,QKYNSAPGTWT,-DIQMTQSPSSLSASVGDRVTITCRASQ------GISNYLAWYQQKPGKGPKLLIYGASTLQLGVPSRFSGSGSGTDFTFIINSLQPEDVATYYCQKYNSAPGT----WTFGQGTKVEI-K--
TGSSSTIGAGYDVH,GNSNRPS,QSYDSSLSGGV,-QSVLTQPPS-VSGAPGQRVTISCTGSSSTI---GAGYDVHWYQQLPGTAPKLLIYGNSNRPSGVPDRFSGSKSGTSASLAITGLQAEDEADYYCQSYDSSLSG----GVFGSGTKVTVLGQP
RASQGISSYLA,APSTLQS,QQYYSYPRT,-AIRITQSPSSLSASTGDRVTITCRASQ------GISSYLAWYQQKPGKAPKLLIYAPSTLQSGVPSRFSGSGSGTDFTLTISCLQSEDFATYYCQQYYSYP------RTFGQGTKVEI-KR-
KASQSVFSISNNKNYLA,WASTRES,QQYYTTPPLT,-DIVMTQSPDSLAVSLGERATINCKASQSVFSISNNKNYLAWYQQKPGQPPELLIYWASTRESGVPDRFSGSGSGTDFTLTISSLQAEDVAVYYCQQYYTTPP-----LTFGGGTKVEI-QR-
RASHDIGSYLA,AASSLQS,QQYNSYPIT,-DIQVTQSPSSLSASVGDRVTITCRASH------DIGSYLAWYQQKPEKAPESLIYAASSLQSGVPSRFSGSGSGTDFTLTISSLQPEDFATYYCQQYNSYP------ITFGQGTKVLI-K--
TGSNSNVGAGYDVH,GNSNRPS,QTYDSRLNICV,-QSVLTQPPS-VSGAAGQGVTISCTGSNSNV---GAGYDVHWYQQLPGKAPKLVIHGNSNRPSGVPGRFSGSKSGASASLAITGLQSEDEADYYCQTYDSRLN----ICVFGGGTRLTVV---
RASQSVTSRMA,RGSSLQS,QQYLNYPVT,-DIQMTQSPSTLSASVGDRVTITCRASQ------SVTSRMAWYQQKPGKAPKLLIYRGSSLQSGVPLRFSGSGSGTEFTLTISSLQPDDFATYYCQQYLNYP------VTFGGGTKVEI-K--
RASQSVSSTYLA,GTSSRAT,QQYGSLPST,-EIVLTQSPGTLSLSPGEKVTLSCRASQS-----VSSTYLAWYQQKPGQAPRLVIYGTSSRATGIPDRFSGSGSGTDFTLTISRLEPEDFAVYYCQQYGSLP------STFGRGTKVEI-K--
RASQSISSYLN,AASSLQS,QQSYSTPRS,-DIQMTQSPSSLSASVGDRVTITCRASQ------SISSYLNWYQQKPGKAPKLLIYAASSLQSGVPSRFSGSGSGTDFTLTISSLQPEDFATYYCQQSYSTP------RSFGQGTKLEI-K--
RASQGISSYLA,AASTLQS,QQYYSYPQT,-AIRMTQSPSSFSASTGDRVTITCRASQ------GISSYLAWYQQKPGKAPKLLIYAASTLQSGVPSRFSGSGSGTDFTLTISCLQSEDFATYYCQQYYSYP------QTFGQGTKVEI-K--
RASQHISTWLA,GASSLQG,QQANSFPIT,-DIQMTQSPSSVSASVGDRVTISCRASQ------HISTWLAWYQQRPGKAPKLLISGASSLQGGVPSRFSGSGSGTHFTLTITGLQPEDFATYFCQQANSFP------ITFGGGTKVEI-K--
RASQSISSYLN,AASSLQS,QQSYSTPRT,-DIQMTQSPSSLSASVGDRVTITCRASQ------SISSYLNWYQQKPGKAPKLLIYAASSLQSGVPSRFSGSGSGTDFTLTISSLQPEDFATYYCQQSYSTP------RTFGQGTKVEI-K--
SGSSSNIGINFVS,DNSKRPS,GTWDNSLSVYV,-LSVELQPPS-VSAAPGQEVTISCSGSSSN----IGINFVSWYQQLPGTAPKLLIYDNSKRPSGIPDRFSASKSATSATLDITGLQTGDEAEYYCGTWDNSLSV----YVFGAGTKVTVLG--
SGSSSNIGINFVS,DNSKRPS,GTWDNSLSVYV,-LSVELQPPS-VSAAPGQEVTISCSGSSSN----IGINFVSWYQQLPGTAPKLLIYDNSKRPSGIPDRFSASKSATSATLDITGLQTGDEAEYYCGTWDNSLSV----YVFGAGTEVTVLG--
KASEDIYNRLT,GATSLET,QQYWSNPYT,-DIQLTQSPSSFSVSLGDRVTITCKASE------DIYNRLTWYQQKPGNAPRLLISGATSLETGVPSRFSGSGSGKDYTLSITSLQTEDVATYYCQQYWSNP------YTFGGGTKLEI-RRA
SGDALPKRYAY,KDSERPS,QSADSSGTYGVL,-SYELTQPPS-VSVSPGQTARITCSGDA------LPKRYAYWYQQKPGQAP-VLIYKDSERPSGIPERFSGSSSGTTVTLTISGVQAEDEADYYCQSADSSGTYG---VLFGGGTKLTVL---
RASQGIRNDLG,DAAKLQS,LQHNSYPLT,-DIQMTQSPSSLSASVGDRVTITCRASQ------GIRNDLGWYQQKPGKAPKRLIYDAAKLQSGVPSRFSGSRSGTEFTLTISSLQPEDFATYYCLQHNSYP------LTFGGGTKVEI-KRT
RASQGIRNDLG,AASSLQS,LQHNSYPF,-DIQMTQSPSSLSASVGDRVTITCRASQ------GIRNDLGWYQQKPGKAPKRLIYAASSLQSGVPSRFSGSGSGTEFTLTISSLQPEDFATYYCLQHNSYP-------FFGQGTRLEI-KRT
RASQSVSSYLA,DASNRAT,QQRSNWVLT,-EIVLTQSPATLSLSPGERATLSCRASQ------SVSSYLAWYQQKPGQAPRLLIYDASNRATGIPATFSGSGSGTDFTLTISSLEPEDFAVYYCQQRSNWV------LTFGGGTKVEI-KRT
SGSRSNIGTNTVN,SNDQCPS,AAWDYSLNGVV,-QSVLTQPPS-ASGTPGQGVTISCSGSRSN----IGTNTVNWYQQLPGTAPKLLIYSNDQCPSGVPDRFSGSKSGTSASLAIGGLQSEDEADYYCAAWDYSLNG----VVFGGGTKLTVL---
SGSRSNIGRNTVN,GNNQWAS,AAWDDSLRGVV,-QSVLTQPPS-VSGTPGQGVTISCSGSRSN----IGRNTVNWYQQFPGTAPKLLIYGNNQWASGVPDRFSGSKSGTSASLAIGGLQSEDEADYYCAAWDDSLRG----VVFGGGTKLTVL---
RASQSVSTYLA,DASNRAA,QQRSNWPPT,-EIVLTQSPATLSLSPGERATLSCRASQ------SVSTYLAWYQQKPGQSPSLLIYDASNRAAGIAARFSGSGSGTDFTLTISSLEPEDFAVYYCQQRSNWP------PTFGQGTNVES-K--
TGTSTDIGAYNYVS,GVNNRPS,TSYRSTNAWV,-QSALTQPAS-VSGSPGQSITISCTGTSTDI---GAYNYVSWYQQHPGKAPKLIIYGVNNRPSGVSTRFSGSKSGNTASLTISGLQAQDEADYFCTSYRSTNA-----WVFGGGTKLTVL---
TGTNSDVGDYNYVS,AVNKRPS,CSYAGSRTWV,-QSALTQPRS-VSGSPGQSVTISCTGTNSDV---GDYNYVSWYQHHTDKAPKLMIYAVNKRPSGVPDRFSGSKSDNTASLTISGLQAEDEADYYCCSYAGSRT-----WVFGGGTTLTVL---
GLSSDSVSSSHYPS,NINTRSS,MLFVGKDIWV,-QTVVTQEPS-LSVSPGGTVTLTCGLSSDSV---SSSHYPSWYQQTPGQAPRTLIYNINTRSSGVPDRFSGSILGNKAALTITGAQADDESDYYCMLFVGKDI-----WVCGGGTKVTVL---
RASQSISPWLP,KASSLES,QHYNRPWT,-ELQMTQSPSTLSASVGDRVTITCRASQ------SISPWLPWYQQKPGKAPKLLIYKASSLESGVPSRFSGSGSGTEFTLTITSLQPDDFATYFCQHYNRP-------WTFGQGTKVDI-KRT
RAGHNITNFLS,AVSNLQD,QQNYNFSFT,-ELQMTQSPSSLSASVGDRVTITCRAGH------NITNFLSWYQQKPGKAPTLLIYAVSNLQDGVPSRFSGSGSGAEFTLTISSLQPEDFATYYCQQNYNFS------FTFGGGTKVDN-KRT
TGTSSEVGGYDYVS,EVTNGPS,SSYTSSRPLVV,ELSVLTQPAS-VSGSPGQSVTISCTGTSSEV---GGYDYVSWYQQHPGKAPKLMIYEVTNGPSGVSNRFSLSKSGNTASLTISGLQAEDEADYYCSSYTSSRPL----VVFGGGTKLTVLGQP
SASSSISYMH,TTSNLAS,HQRSTYPLT,-DIQMTQSPSTLSASVGDRVTITCSASS-------SISYMHWYQQKPGKAPKLLIYTTSNLASGVPARFSGSGSGTEFTLTISSLQPDDFATYYCHQRSTYP------LTFGQGTKVEV-K--
RASQSVGSNIA,DASKTAT,QQYHNPQYT,-EIVMTQSPVNLSMSAGERVTLSCRASQ------SVGSNIAWYQQKPGQAPRLFIYDASKTATGISARFSGSGSGTDFTLTITSLQSEDFAVYYCQQYHNPQ------YTFGQGTKLDI-KR-
QASQDISNYLN,DASNLET,QQYDNLT,-DIQMTQSPSSLSASVGDRVTITCQASQ------DISNYLNWYQQKPGKAPKLLIYDASNLETGVPSRFSGSGSGTDFTFTISSLQPEDIATYYCQQYDN--------LTFGPGTKVDI-KR-
SGSSSNIGSDYVS,DNNKRPS,GTWDSSLSFFYV,-QSVLTQPPS-VSAAPGQRVTISCSGSSSN----IGSDYVSWYQQLPGTAPKLLIYDNNKRPSGIPDRFSGSKSGTSATLAITGLQTGDEADYYCGTWDSSLSFF---YVFGTGTKVTVLG--
RASQSVTNNYLA,AASTRAS,HQYGSSRST,-EIVLTRSPGTLSLSPGERATLSCRASQS-----VTNNYLAWYQQKPGQAPRLLIYAASTRASGIPDRFSGSGSGTDFTLTIGRLAPEDLAVYYCHQYGSSR------STFGQGTKLEI-RR-
SGDALTKQYGY,KDNERPS,QSIGGSNTYV,-SDELTQPPS-VSVSPGQTARITCSGDA------LTKQYGYWYQQKAGQAPVLVIYKDNERPSGIPERFSGSSSGTTVTLTISGVQAEDEADYYCQSIGGSNT-----YVFGTGTTVTVLR--
RSSQSLLHSNGNNYLD,LGSNRAS,MQALQTPMST,-DIVMTQSPLSLPVTPGEPASISCRSSQSLLHS-NGNNYLDRYLQKPGQSPQLLIYLGSNRASGVPDRFSGSGSGTDFTLKISRVEAEDVGVYYCMQALQTPM-----STFGQGTKLEI-KR-
RASQGISSYLA,AASTLQS,QQLNSFPRVFT,-DIQLTQSPSFLSASVGDRVTITCRASQ------GISSYLAWYQQKPGKAPKLLIYAASTLQSGVPSRFSGSGSGPDFTLTISSLQPEDFATYYCQQLNSFPRV----FTFGPGTKVDV-KR-
RASQSISRNLA,DASDRAT,QQRSEWPPLT,-EIVLTQSPATLSLSPGERATLSYRASQ------SISRNLAWYQHKPGQAPRLLIYDASDRATGIPARFSGSGSGTDFTLTISSLEPEDFAVYYCQQRSEWPP-----LTFGGGTMVEI-KR-
GASQSISSNYLA,DVSTRAT,QQYGSRLT,-EIVLTQSPATLSLSPGERATLSCGASQS-----ISSNYLAWYQQKPGLAPRLLIYDVSTRATGIPERFSGSGSGTDFTLTISRLEPEDFAVYYCQQYGSR-------LTFGGGTKVEI-KR-
TGSSSNIGAGYDVH,DNNNRPS,QSYDSSLSGYV,-QSVLTQPPS-VSGAPGQRVTISCTGSSSNI---GAGYDVHWYQQLPGTAPKLLIYDNNNRPSGVPDRFSGSKSGTSGSLAITGLQAEDEADYYCQSYDSSLSG----YVFGTGTKVSVLGQP
RASQDIRIYLT,DASKLET,QQHDHLPLT,-DIQMTQSPSSLSASVGDRVTITCRASQ------DIRIYLTWYQQKPGKAPKLLIYDASKLETGVPSRFSGTGSGTVFTFTISSLQPEDFATYYCQQHDHLP------LTFGGGTKVEM-KRT
SGSSSNIGINYVL,GNNKRPS,ATWDSGLSADWV,-QSVLTQPPS-VSAAPGQKVTISCSGSSSN----IGINYVLWYQQFPGTAPKLLIYGNNKRPSGIPDRFSGSKSGTSATLGITGLQTGDEADYFCATWDSGLSAD---WVFGGGTKLTVLGAA
RASQTVSSNLA,GASTRAT,QQYYSWPPRLT,-EIVMTQSPATLSVSPGERATLSCRASQ------TVSSNLAWYQQKPGQAPRLLIYGASTRATGIPARFSGSGSRTEFTLTISSLQSEDFAVYYCQQYYSWPPR----LTFGGGTKVEI-K--
TGTGSDVGGYNYVS,EVSKRPS,SSYAGNNNLV,-QSQLTQPAS-ASGSPGQSVTISCTGTGSDV---GGYNYVSWYQQHPGKAPKLMIYEVSKRPSGVPYRFSGSKSGNTASLTVSGLRAEDEADYYCSSYAGNNN-----LVFGGGTKVTVL---
RASQSVTSSYLA,GASSRAT,QHYGRSAYA,-EIVLTQSPGTLSLSPGERATLSCRASQS-----VTSSYLAWYQQKPGQAPRLLIFGASSRATGIPDRFSGSGSGTDFTLTISRLEPEDFAVYYCQHYGRSA------YAFGQGTKLEI-KR-
SGDKLGGKYAS,QDMKRPS,QAWDSSLVV,-QSQLTQPAS-VSVSPGQTASITCSGDK------LGGKYASWYQRKPGQSPVLVMYQDMKRPSGIPERFSGSNSGNTATLTISGTQAMDEADYYCQAWDSSL------VVFGGGTKLTVL---
RASQSISSYLN,AASSLQS,QQSYSPPPVYT,-DIQMTQSPSSLSASVGDRVTITCRASQ------SISSYLNWYQQKPGKAPKLLIYAASSLQSGVPSRFSGSGSGTDFTLTISSLQPEDFATYYCQQSYSPPPV----YTFGQGTKLEI-K--
TGTSSDVGSYNLVS,EVSKRPS,CSYAADSTVI,DSYQLTQPPS-VSGSPGQSITISCTGTSSDV---GSYNLVSWYQQHPGEAPKLIIYEVSKRPSGVSNRFSGSKSGNTASLTISGLQAEDEAEYYCCSYAADST-----VIFGGGTKLTVL---
QGDSLRTYYAS,GKNNPAS,NSGGEV,-QSVLTQDPA-VSVALGQTVRITCQGDS------LRTYYASWYQQKPGQAPVLVIYGKNNPASGIPDRFSGSSSGNTASLTITGAQAEDEADYSCNSGGE---------VFGGGTKLTVL---
TGTSSDVGGYDYVS,DVAKRPS,FSYAGAYTFV,-QSVLTQPRS-VSGSPGQSVTISCTGTSSDV---GGYDYVSWYQQHPGEAPKLIIYDVAKRPSGVPDRFSGSKSGNTASLTVSGLQAEDEADYYCFSYAGAYT-----FVFGGGTKLTVL---
SGSSSNIGINDVS,ANDKRPS,GSWDRSLSAEV,-QSVLTQPPS-VSAAPGQKVTISCSGSSSN----IGINDVSWYQQLPGTAPKLLIYANDKRPSGIPDRFSGSKSGTSATLGITGLQTGDEADYYCGSWDRSLSA----EVFGGGTKLTVLG--
RASQSVGSNIA,DASKTAT,QQYHNPQYT,-EIVMTQSPVNLSMSAGERVTLSCRASQ------SVGSNIAWYQQKPGQAPRLFIYDASKTATGISARFSGSGSGTDFTLTITSLQSEDFAVYYCQQYHNPQ------YTFGQGTKLDI-KR-
RASQSVGSNIA,DASKTAT,QQYHNPQYT,-EIVMTQSPVNLSMSAGERVTLSCRASQ------SVGSNIAWYQQKPGQAPRLFIYDASKTATGISARFSGSGSGTDFTLIITSLQSEDFAVYYCQQYHNPQ------YTFGQGTKLDI-KR-
RASQSVGSNIA,DASKTAT,QQYHNPQYT,-EIVMTQSPVNLSMSAGERVTLSCRASQ------SVGSNIAWYQQKPGQAPRLFIYDASKTATGISARFSGSGSGTDFTLTISSLQSEDFAVYYCQQYHNPQ------YTFGQGTKLDI-KR-
SGSSSNIGINDVS,ANDKRPS,GSWDRSLSAEV,-QSVLTQPPS-VSAAPGQKVTISCSGSSSN----IGINDVSWYQQLPGTAPKLLIYANDKRPSGIPDRFSGSKSGTSATLGITGLQTGDEADYYCGSWDRSLSA----EVFGGGTKLTVLG--
TGTSSDVGTYNYVS,EVSKRPS,SSYAGSNNWL,-QSALTQPPS-ASGSLGQSVTFSCTGTSSDV---GTYNYVSWYQQHPGKAPKLMIYEVSKRPSGVPDRFSGSKSGSTASLTVSGLQAEDEADYYCSSYAGSNN-----WLFGGGTKLTVLG--
GGHNIGGKAVH,DDSDRPS,QVWDGSSDHWV,-SYVLTQPPS-LSLAPGQTATITCGGHN------IGGKAVHWYQQMPGQAPVPVVHDDSDRPSGIPARFSGSNSGNTATLTISRVEAGDEADYYCQVWDGSSDH----WVFGGGTKLTVLG--
KSSQSILYSSSNKNYLG,WASTRES,QQYYSTPLT,-EIVMTQSPDSLAVSLGERATINCKSSQSILYSSSNKNYLGWYQQKPGQPPKLLIYWASTRESGVPDRFSGSGSGTDFTLTISSLQAEDVAVYYCQQYYSTP------LTFGQGTKLEI-KR-
RASQSVSSSYLA,GASSRAT,HQYGSSPQT,-EIVLTQSPGTLSLSPGERATLSCRASQS-----VSSSYLAWYQQKPGQAPRLLIYGASSRATGIPDRFSGSGSGTDFTLTISRLEPEDSAVYYCHQYGSSP------QTFGQGTKVEI-KR-
SGDALPKQYSY,KDSERPS,QSADNSGIYVV,-SYELTQPPS-VSVSPGQTARITCSGDA------LPKQYSYWYQQRPGQAPLMVIYKDSERPSGIPERFSGSRSGTTLTLIISGVQAEDGADYYCQSADNSGIY----VVFGGGTKLTVLG--
RASQSVSSGYLA,GASSRAT,QQYDTSPAWT,-DIVMTQSPDTLSLSPGERATLSCRASQS-----VSSGYLAWYQQKPGQAPRLLIYGASSRATGIPDRFSGSGSGTDFTLTISRLEPEDFAVYYCQQYDTSPA-----WTFGQGTKVEI-KR-
RASQSIRNSLN,DAVTLGS,QQGYNNPRT,-DIQMTQSPSSLSASVGDRVTITCRASQ------SIRNSLNWYQGKAGKAPKMLISDAVTLGSGVPSRFSGSGSGTDFSLTISSLLPEDFATYYCQQGYNNP------RTFGQGTRVEI-NR-
GGNNIGSKSVH,HDSDRPS,QVWDGSSDHRRV,-SYILNQPPS-VSVAPGKTVRITCGGNN------IGSKSVHWYQQKPGQAPAVVIYHDSDRPSGIPERVSGSNSGNTATLTISRVEAGDEADYYCQVWDGSSDHR---RVFGGGTNLTVP---
RASQGISSYLA,VASTLQS,QQLNNYPLT,-DIQLTQSPTFLSASVGDRVTITCRASQ------GISSYLAWYQQKPGKAPNLLIYVASTLQSGVPSRFSGSGSGTEFTLTISSLQPEDFATYYCQQLNNYP------LTFGGGTKVEI-KR-
GGSNIGSKSVH,YDSDRPS,QVWDSSGDHMVV,-SYVLTHPPS-VSVAPGKTGTITCGGSN------IGSKSVHWYQQKPGQAPKLVIYYDSDRPSGIPERFSGSTSGNTATLTISSVEAGDEADYYCQVWDSSGDHM---VVFFGGTKLTVL---
KSSQIVLYSSNNKNYLA,WASTRKS,QQYYTTPLT,-DIVMTQSPDSLAVSLGERATINCKSSQIVLYSSNNKNYLAWYQQKPGQPPKLLIYWASTRKSGVPDRFSGSGSGTDFTLTISSLQAEDVAVYYCQQYYTTP------LTFGGGTKVEI-SR-
RASQGISSWLA,EASNLET,QQTSSFLLS,-DIQMTQSPSSVSASVGDRVTITCRASQ------GISSWLAWYQQKPGKAPKLLIYEASNLETGVPSRFSGSGSGSDFTLTISSLQPEDFATYYCQQTSSFL------LSFGGGTKVEH-KR-
RASQSISNWLA,KASSLES,QQYHDYSVT,-DIQMTQSPSTLSASVGDRVTITCRASQ------SISNWLAWYQQKPGKAPNLLIYKASSLESGVPSRFSGSGSGTEFTLTISSLQPDDFATYYCQQYHDYS------VTFGAGTKVEI-KR-
SGNSSNIGNNYVS,DNNKRPS,ATWTSILRVNWL,-QSVLTQPPS-VSAAPGQKVTISCSGNSSN----IGNNYVSWYQHLPGTAPKLLIYDNNKRPSSIPDRFSGSKSGTSATLGITGLQTGDEADYYCATWTSILRVN---WLFGGGTKLTVLGQP
TGTSSDVGSYNLVS,EVSKRPS,CSYAGSSTEVV,-QSALTQPAS-VSGSPGQSITISCTGTSSDV---GSYNLVSWYQQYPGKAPKLIIYEVSKRPSGVSNRFSGSKSGNTASLTISGLRAEDEADYYCCSYAGSSTE----VVFGGGTRVSVL---
RASQSISSWLA,KASSLES,QQYNSYPYT,-DIQMTQSPSTLSVGDRVTITITCRASQ------SISSWLAWYQQKPGKAPKLLIYKASSLESGVPSRFSGSGSGTEFTLTISSLQPDDFATYYCQQYNSYP------YTFGQGTKLEI-KR-
RASQSVSSNLA,GASTRAT,QQYNNWPT,-EVVMTQSPATLSVSPGERATLSCRASQ------SVSSNLAWYQQKPGQAPRLLIYGASTRATGIPARFSGSGSGTEFTLTISSMQSEDFAVYYCQQYNNWP-------TFGQGTNVEI-KR-
TGTSSDVGGYNYVS,EVSNRPS,SSYTSSSTWV,-QSALTQPAS-VSGSPGQSITISCTGTSSDV---GGYNYVSWYQQHPGKAPKLMIYEVSNRPSGVSNRFSGSKSGNTASLTISGLQAEDEADYYCSSYTSSST-----WVFGGGTKLTVL---
RSSQSLLHSNGYNYLD,LGSNRAS,MQALQTPWT,-DIVMTQSPLSLPVTPGEPASISCRSSQSLLHS-NGYNYLDWYLQKPGQSPQLLIYLGSNRASGVPDRFSGSGSGTDFTLKISRVEAEDVGVYYCMQALQTP------WTFGQGTKVEI-K--
RSSQSLLHSNGYNYFD,LGSNRAS,MQALQTPLT,-DIVMTQSPLSLPVTPGEPASISCRSSQSLLHS-NGYNYFDWYLQKPGQSPQLLIYLGSNRASGVPDRFSGSGSGTDFTLKISRVEAEDVGVYYCMQALQTP------LTFGGGTKVEI-K--
RASQSVSSTYLA,GASTRAT,QQYGSLSYI,-ELVMTQSPGTLSLSPGERATLSCRASQS-----VSSTYLAWYQQKAGQAPRLLIHGASTRATGIPDRFSGSGSGTDFTLTISRLEPEDFAVYFCQQYGSLS------YIFGQGTRLEI-K--
RASQTVDSTYLA,TASSRAI,QQYGSASYI,-ELVMTQSPGTLSLSPGERATLSCRASQT-----VDSTYLAWYQQKPGQAPRLLIHTASSRAIGIPDRFSGSGSGTDFTLTIDTLEPEDFAVYYCQQYGSAS------YIFGQGTRLEI-K--
RASQSINSSLN,TASNLHS,QQSYSSPYT,-ELQMTQSPSSLSASVGDRVTITCRASQ------SINSSLNWYQQKPGKAPNLLISTASNLHSGVPSRFSGSGSGTDFTLAITSLQPEDFASYYCQQSYSSP------YTFGQGTKLEI-K--
KSSQSVLYSSNNKNYLA,WASSRES,HQFFTSPLT,-DIVMTQSPDSLALSLGERATINCKSSQSVLYSSNNKNYLAWYQQKPGQPPKLLIYWASSRESGVPDRFSGSGSGTDFTLTISSLQAEDVALYYCHQFFTSP------LTFGGGTKVEI-KR-
RASQNIRNDLG,AASSLQS,LQHNSYPLT,-DIQMTQSPSSLSASVGDRVTITCRASQ------NIRNDLGWYQQKPGKAPKRLIYAASSLQSGVPSRFSGSGSGTEFTLTISSLQPEDFATYYCLQHNSYP------LTFGGGTKVEI----
KSSQSVLYSSNNKNYLA,WASTRES,QQYYGTPFT,-DIVMTQSPDSLAVSLGERATINCKSSQSVLYSSNNKNYLAWYQQKPGQPPKLLIYWASTRESGVPDRFSGSGSGTDFTLTISSLQAEDVAVYYCQQYYGTP------FTFGPGTKVDI-KR-
KSSRSVLYSSNNKNYLA,WASTRES,QQHYSTPFT,-DIVMTQSPDSLAVSLGERATINCKSSRSVLYSSNNKNYLAWYQQKPGQPPKLLIYWASTRESGVPDRFSGSGSGTDFTLTISSLQAEDVAVYYCQQHYSTP------FTFGPGTKVDI-KR-
SGSSSYIGSNYIY,GNNQRPS,AAWIDTLSYWV,-QSVLTQPPS-ASGTPGQRVTIFCSGSSSY----IGSNYIYWYQQFPGTAPKLLIYGNNQRPSGVPDRFSGSKSGTSASLAISGLQSEDEADYFCAAWIDTLSY----WVFGGGTKLTVL---
GGNNIGSKNVH,RDSNRPS,QVWDSSTVV,-QSVLTQPLS-VSVALGQTARITCGGNN------IGSKNVHWYQQKPGQAPVLVIYRDSNRPSGIPERFSGSNSGNTATLTISRAQAGDEADYYCQVWDSST------VVFGGGTKLTVL---
RSTQSLLHINGYNYLD,LGSNRAS,MQTLQTPLT,-DIVMTQSPLSLPVTPGEPASISCRSTQSLLHI-NGYNYLDWYLQKPGQSLLLLIYLGSNRASGVPDRFSGSGSGTDFTLKISRVEAEDVGVYYCMQTLQTP------LTFGGGTKVEI-K--
QGDGLRTYYAN,GNNNRPS,SSRDSSGDHVL,-SSELTQDPV-VSVALGQTVKITCQGDG------LRTYYANWYQQKPGQAPLVVVYGNNNRPSGIPDRFSGSSSGNTASLTITGAQAEDEADYYCSSRDSSGDH----VLFGGGTKLT-----
RASQSMSRFLN,SASKLQS,QQSYSSPIT,-DIQMTQSPSSLSASVGDRVTISCRASQ------SMSRFLNWYQHKLGKAPKLLIYSASKLQSGVPSRFSGSGSGTDFTLTINNLQPEDFATYYCQQSYSSP------ITFVQGTRLAI-KR-
GGNNIGSKSVH,YDTDRPS,QVWDSGSDHPWM,-SYVLTQPPS-VSVAPGKTARITCGGNN------IGSKSVHWYQQKPGQAPVLVIYYDTDRPSGIPERFSGSNSGNTATLTISRVEAGDEADYYCQVWDSGSDHP---WMFGGGTKLTVL---
RSSQSLVHSDGNTYLS,KISNRFS,MQATQFPT,-DIVMTQTPLSSPVTLGQPASISCRSSQSLVHS-DGNTYLSWLQQRPGQPPRLLIYKISNRFSGVPDRFSGSGAGTDFTLKISRVEAEDVGVYYCMQATQFP-------TFGQGTKLEI-KR-
RASQSISTYLN,DASSCQS,QQSEITPFT,-DLVMTQSPSSLSASVGDRVTITCRASQ------SISTYLNWYQQRPGKAPKLLIYDASSCQSGAPSRFSGSGSGTDFTLTISSLQPEDFATYYCQQSEITP------FTFGQGTKL------
RASQSVSSSYLA,GASTRAT,QQYYNWP,-EIVMTQSPATLSVSPGERATLSCRASQS-----VSSSYLAWYQQKPGQAPRLLIYGASTRATGIPARFSGSGSGTEFTLTISSLQSEDFAVYYCQQYYNWP---------------------
SGSTSNIGSNYVY,RNSQRPS,AAWDDSLSGVV,-SYELTQPPS-ASGTPGQRVTISCSGSTSN----IGSNYVYWYQHLPGTAPKLLIFRNSQRPSGVPDRFSGSKSGTSASLAISGLRSEDEADYYCAAWDDSLSG----VVFGGGTKLTVLG--
SGSSSNIATNFVY,RDNRRPS,ASWDESLTGVV,-SYELTQPPS-ASGTPGQTVTITCSGSSSN----IATNFVYWYQQLPGTAPKLLVYRDNRRPSGAPDRFSGSKSGTSASLAISGLRSEDDAVYYCASWDESLTG----VVFGGGTKLTVLS--
TGTSSDVGGYNYVS,EVSKRPS,SSYAGRNSFYV,-QSALTQPPS-ASGSPGQSVTISCTGTSSDV---GGYNYVSWYQQHPGKAPQLMIYEVSKRPSGVPDRFSGSKSGNTASLTVSGLQADDEADYYCSSYAGRNSF----YVFGTGTKVTVLGQP
TGTSSDIGGYNYVS,DVSNRPS,SSYRSSSTRV,-QSALTQPAS-VSGSPGQSITISCTGTSSDI---GGYNYVSWYQQHPGKAPKLMIYDVSNRPSGVSNRFSGSKSGNTASLTISGLQAEDEADYYCSSYRSSST-----RVFGGGTKLTVLG--
RASQSISTYLN,DASSCQS,QQSEITPFT,-DLVMTQSPSSLSASVGDRVTITCRASQ------SISTYLNWYQQRPGKAPKLLIYDASSCQSGAPSRFSGSGSGTDFTLTISSLQPEDFATYYCQQSEITP------FTFGQGTKL------
RASQSVSSSYLA,GASTRAT,QQYYNWP,-EIVMTQSPATLSVSPGERATLSCRASQS-----VSSSYLAWYQQKPGQAPRLLIYGASTRATGIPARFSGSGSGTEFTLTISSLQSEDFAVYYCQQYYNWP---------------------
KSSQSVLYSSNNKNYLA,WASTRQS,QQYYTTLPLT,-DIVMTQSPDSLAVSLGERATINCKSSQSVLYSSNNKNYLAWYQQKPGQPPKLLIYWASTRQSGVPDRFSGSGSGTDFTLTISSLQAEDVAVYYCQQYYTTLP-----LTFGGGTKVEI-K--
SGSSSNIGNNYVL,GNNKRPS,ATWDSGSLADWV,-QSVLTQPPS-VSAAPGQKVTISCSGSSSN----IGNNYVLWYQQFPGTAPKLLIYGNNKRPSGIPDRFSGSKSGTSATLGITGLQTGDEADYFCATWDSGSLAD---WVFGGGTKLTVL---
RASQSVTSNYLA,GASNRAT,QHYGTSPIT,-DIELTQSPGTLSLSPGDGASLSCRASQS-----VTSNYLAWYQQKPGHAPRLLIYGASNRATGIPDRFSGSGSGTDFTLTISRLEPEDFAVYYCQHYGTSP------ITFGQGTRLEI-KR-
RASEGIYHWLA,KASSLAS,QQYSNYPLT,-DIQMTQSPSTLSASIGDRITITCRASE------GIYHWLAWYQQKPGKAPKLLIYKASSLASGAPSRFSGSGSGTDFTLTISSLQPDDFATYYCQQYSNYP------LTFGGGTKLEI-KR-
GLSSGSVSTSYYPS,STNTRSS,VLYMGSGLV,-QAVVTQEPS-FSVSPGGTVTLTCGLSSGSV---STSYYPSWTQQTPGQAPRTLIYSTNTRSSGVPDRFSGSILGNKAGLTITGGQADDESDYYCVLYMGSG------LVFGGGTKLTVLG--
RASSSVTYVH,GTSNLES,HQWNSYPHT,-DIQLTQSPSSLSASVGDRVTITCRASS-------SVTYVHWYQQKPGKAPKLLIYGTSNLESGVPSRFSGSGSGTDYTLTISSLQPEDFATYYCHQWNSYP------HTFGQGTKVEI-KT-
RASQSVSSFLA,SASSRAT,QQYGSSPIT,-EIVLTQSPGTLSLSPGERATLSCRASQ------SVSSFLAWYKQKPGQAPRLLIYSASSRATGIPDRFSGSGSGTDFTLTISRLEPEDSAVFYCQQYGSSP------ITFGQGTRLEI-KRT
TGSTSNIGAGYDVR,TNSIRPS,ATWDDRLDGYV,-QSALTQPPS-VSGAPGQRVTISCTGSTSNI---GAGYDVRWYQHLPGTVPKLLIYTNSIRPSGVPDRFSGSKSGTSASLTIDGLQSEDEADYYCATWDDRLDG----YVFATGTQLTVLG--
SASQDISNYLN,FTSSLHS,QQYSTVPWT,-DIQMTQSPSSLSASVGDRVTITCSASQ------DISNYLNWYQQKPGKAPKLLIYFTSSLHSGVPSRFSGSGSGTDFTLTISSLQPEDFATYYCQQYSTVP------WTFGQGTKVEI-K--
SASQDISNYLN,FTSSLHS,QQYSTVPWT,-DIQMTQSPSSLSASVGDRVTITCSASQ------DISNYLNWYQQKPGKAPKLLIYFTSSLHSGVPSRFSGSGSGTDYTLTISSLQPEDFATYYCQQYSTVP------WTFGQGTKVEI-K--
RASQSVSSSYLA,KASSLES,QQYGSSLGGYT,-EIVLTQSPGTLSLSPGERATLSCRASQS-----VSSSYLAWYQQRPGQAPRLLIYKASSLESGIPDRFSGSGSGTDFTLTISRLEPEDFAVYYCQQYGSSLGG----YTFGQGTKLEI-KR-
RASQSINTWLA,KASSLES,QQYNSDSKM,-DIQMTQSPSTLSASVGDRVTITCRASQ------SINTWLAWYQQKPGKAPKLLMYKASSLESGVPSRFIGSGSGTEFTLTISSLQPDDFATYYCQQYNSDS------KMFGQGTKVEV-KG-
KSSQSLLYSNNQKNYLA,WASTRES,QQYYDYPWT,-DIMMTQSPSTLSASVGDRVTITCKSSQSLLYSNNQKNYLAWYQQKPGQAPKLLISWASTRESGVPSRFIGSGSGTEFTLTISSLQPDDVATYYCQQYYDYP------WTFGQGTKVEI-KR-
RSSQIIVHSNGNTYLE,KVSNRFS,FQGSHVPFT,-DVLMTQSPLSLPVSLGDQASISCRSSQIIVHS-NGNTYLEWYLQKPGQSPKLLIYKVSNRFSGVPDRFSGSGSGTDFTLKISRVEAEDLGVYYCFQGSHVP------FTFGSGTK-------
TGTRRDVGGYNFVS,EVSHRPS,SSYSSTTRVV,-QSALTQPASVSG-SPGQSITISCTGTRRDV---GGYNFVSWYQQHPGKAPKLMIYEVSHRPSGVSTRFSASKSGSTASLTISGLQAEDEADYYCSSYSSTTR-----VVFGGGTKLTV-LG-
RASQSVSSNLA,GASTRAT,QQYNNWPRT,-EIVMTQSPSSLSVSPGERATLSCRASQ------SVSSNLAWYQQKPGQAPRLLIYGASTRATGIPARFSGSGSGTEFTLTISSLQSEDFAVYYCQQYNNWP------RTFGQGTRLEI-KR-
SASSGNTYLE,TTSDLAS,HQASTYPL,-QIVLTQSPAIMSASPGDKVTITCSASS-------GNTYLEWFQQKPGTSPKLWIYTTSDLASGVPARFSGSGSGTSYSLTISAMEAEDAATYYCHQASTYP-------LFGSGTK-------
GGNNIGSKSVH,YDSDRPS,QVWDSGSDLPW,-SYELTQPPS-VSVAPGKTARITCGGNN------IGSKSVHWYQQKPGQAPVLVIYYDSDRPSGIPERFSGSNSGNTATLTISRVEAGDEADYYCQVWDSGSDLPW-----------------
TGTSSDVGGYNYVS,DVSNRPS,SSYTSSSTR,-QSALTQPAS-VCGSPGQSITISCTGTSSDV---GGYNYVSWYQQHPGKAPKLMIYDVSNRPSGVSNRFSGSKSGNTASLTISGLQAEDEADYYCSSYTSSSTR-------------------
RASQSVSSSHLA,ATSSRAT,QQYGRSPR,-EIVLTQSPGTLSLSPGERATLSCRASQS-----VSSSHLAWYQQKPGQAPRLLIYATSSRATGIPDRFSGSGSGADFTLTISRLEPEDFAVYYCQQYGRSPR--------------------
KSSQSLLDSDGKTYLN,LVSKLDS,WQGTHFPQT,-DIQLTQSPLTLSVTIGQPASISCKSSQSLLDS-DGKTYLNWLLQRPGQSPKRLIYLVSKLDSGVPDRFTGSGSGTDFTLKISRVEADDLGVYYCWQGTH------FPQTFGGGTKLEI-KRA
QGDSLRSYYAS,DKNNRPS,NSRDSSGHRVV,--SELTQDPA-VSVALGQTVRITCQGDS------LRSYYASWYQQKPGQAPILVIYDKNNRPSGIPDRFFGSSSGNTASLTITGAQAEDEADYYCNSRDSSGHR----VVFGGGTKLTV----
SASQDISNYLN,FTSSLHS,QQYSTVPWT,-DIQMTQSPSSLSASVGDRVTITCSASQ------DISNYLNWYQQKPGKAPKVLIYFTSSLHSGVPSRFSGSGSGTDFTLTISSLQPEDFATYYCQQYSTVP------WTFGQGTKVEI-KR-
SGSTSNIGNNYVS,DVSKRPS,AAWDDSLSEFL,-QSVLTHPPS-VSAPPGQKVTISCSGSTSN----IGNNYVSWYQQHPGKAPKLMIYDVSKRPSGVPDRFSGSKSGNSASLNISGLQSEDEADYYCAAWDDSLSE----FLFGTGTKLTVLG--
RASEGIYHWLA,KASSLAS,QQYSNYPLT,-DIQMTQSPSTLSASIGDRVTITCRASE------GIYHWLAWYQQKPGKAPKLLIYKASSLASGAPSRFSGSGSGTDFTLTISSLQPDDFATYYCQQYSNYP------LTFGGGTKLEI-KR-
RASEGIYHWLA,KASSLAS,QQYSNYPLT,-DIQMTQSPSTLSASIGDRVTITCRASE------GIYHWLAWYQQKPGKAPKLLIYKASSLASGAPSRFSGSGSGTDFTLTISSLQPDDFATYYCQQYSNYP------LTFGGGTKLEI-KR-
RASEGIYHWLA,KASSLAS,QQYSNYPLT,-DIQMTQSPSTLSASIGDRVTITCRASE------GIYHWLAWYQQKPGKAPKLLIYKASSLASGAPSRFSGSGSGTDFTLTISSLQPDDFATYYCQQYSNYP------LTFGGGTKLEI-KR-
RASEGIYHWLA,KASSLAS,QQYSNYPLT,-DIQMTQSPSTLSASIGDRVTITCRASE------GIYHWLAWYQQKPGKAPKLLIYKASSLASGAPSRFSGSGSGTDFTLTISSLQPDDFATYYCQQYSNYP------LTFGGGTKLEI-KR-
RASEGIYHWLA,KASSLAS,QQYSNYPLT,-DIQMTQSPSTLSASIGDRVTITCRASE------GIYHWLAWYQQKPGKAPKLLIYKASSLASGAPSRFSGSGSGTDFTLTISSLQPDDFATYYCQQYSNYP------LTFGGGTKLEI-KR-
RASQTVSSSYLA,GASNRAT,QQYGSSPQTF,-------------LSPGERATLSCRASQT-----VSSSYLAWYQQKPGQAPRLLIYGASNRATGIPDRFSGSGSGTDFTLTVSRLDPEDFAVYYCQQYGSSPQ-----TFW------------
AGTSSDVGGYNYVS,EGSKRPS,SSYTTRSTRV,-QSVLTQPAS-VSGSPGQSITISCAGTSSDV---GGYNYVSWYQQHPGKAPKLMIYEGSKRPSGVSNRFSGSKSGNTASLTISGLQAEDEADYYCSSYTTRSTR-----VFGGGTKLAVLGAA
RSSQSIVHSNGNTYLE,KVSNRFS,FQGSHVPFT,-DIVMTQSPLSLPVTPGEPASISCRSSQSIVHS-NGNTYLEWYLQKPGQSPQLLISKVSNRFSGVPDRFSGSGSGTDFTLKISRVEAEDVGVYYCFQGSHVP------FTFGQGTKLEI-K--
KASQDVSIGVA,SASSRYT,QQHYTSPFT,-DIVMTQSPDSLAVSLGERATITCKASQ------DVSIGVAWYQQKPGQSPKLLIYSASSRYTGVPDRFSGSGSGTDFTLTISSLQAEDVAVYYCQQHYTSP------FTFGSGTKVEI-K--
KASQSVDYDGDSYLN,DASNLVS,QQSTEDPWT,-ELVLTQSPASLAVSLGQRATISCKASQSVDY--DGDSYLNWYQQIPGQPPKLLIYDASNLVSGIPPRFSGSGSGTDFTLNIHPVEKVDAATYHCQQSTEDP------WTFGGGTKLEI-KRR
KASQNVGTNVA,SATYRNS,FCQYNRYPYT,-ELVLTQSPKFMSTSVGDRVSVTCKASQ------NVGTNVAWYQQKPGQSPKPLIYSATYRNSGVPDRFTGSGSGTDFTLTITNVQSKDLADYFYFCQYNRYP-----YTSGGGTKLEI-KRR
RASQSVDNYGISFMN,AASNQGS,QQSKEVPRT,-ELVLTQSPASLAVSLGQRATISCRASQSVDN--YGISFMNWFQQKPGQPPKLLIYAASNQGSGVPARFSGSGSGTDFSLNIHPMEEDDTAMYFCQQSKEVP------RTFGGGTKLEI-KRR
SGTSSNIGNNFVS,DNNKRPS,GTWDTRLRAGV,-QSALTQPPS-VSAAPGQKVTISCSGTSSN----IGNNFVSWYQQFPGTAPKLLIYDNNKRPSGVPDRFSGSKSGTSATLGITGLQTGDEADYYCGTWDTRLRA----GVFGGGTKLTVL---
RASQSVSSSYLA,GASSRAT,QQYGSSRS,-EIVLTQSPGTLSLSPGERATLSCRASQ-----SVSSSYLAWYQQKPGQTPRLLIYGASSRATGIPDRFSGSGSGTDFTLTISRLEPEDFAVYYCQQYGSSR-------SFGQGTKLEI-KR-
RASQSVSSSYLA,GASSRAT,QQYGSSRS,-EIVLTQSPGTLSLSPGERATLSCRASQ-----SVSSSYLAWYQQKPGQTPRLLIYGASSRATGIPDRFSGSGSGTDFTLTISRLEPEDFAVYYCQQYGSSR-------SFGQGTKLEI-KR-
RASQSVSSSYLA,GASSRAT,QQYGSSRS,-EIVLTQSPGTLSLSPGERATLSCRASQ-----SVSSSYLAWYQQKPGQAPRLLIYGASSRATGIPDRFSGSGSGTDFTLTISRLEPEDFAVYYCQQYGSSR-------SFGQGTKLEI-KR-
RASQSVSSSSFLA,ATSSRAT,QQYGSSRT,-EIVLTQSPGTLSLSPGERATLSCRASQ----SVSSSSFLAWYQQKPGQAPRLLMYATSSRATGIPDRFSGSGSGTDFTLTISRLEPEDFAVYYCQQYGSSR-------TFGPGTKVDI-KR-
RASQSVSSSSFLA,ATSSRAT,QQYGSSRT,-EIVLTQSPGTLSLSPGERATLSCRASQ----SVSSSSFLAWYQQKPGQAPRLLMYATSSRATGIPDRFSGSGSGTDFTLTISRLEPEDFAVYYCQQYGSSR-------TFGPGTKVDI-KR-
RASQSVSSSSFLA,ATSSRAT,QQYGSSRT,-EIVLTQSPGTLSLSPGERATLSCRASQ----SVSSSSFLAWYQQKPGQAPRLLMYATSSRATGIPDRFSGSGSGTDFTLTISRLEPEDFAVYYCQQYGSSR-------TFGPGTKVDI-KR-
RASQSVSSSSFLA,ATSSRAT,QQYGSSRT,-EIVLTQSPGTLSLSPGERATLSCRASQ----SVSSSSFLAWYQQKPGQAPRLLMYATSSRATGIPDRFSGSGSGTDFTLTISRLEPEDFAVYYCQQYGSSR-------TFGPGTKVDM-KR-
RASQSVSSSSFLA,ATSSRAT,QQYGSSRT,-EIVLTQSPGTLSLSPGERATLSCRASQ----SVSSSSFLAWYQQKPGQAPRLLMYATSSRATGIPDRFSGSGSGTDFTLTISRLEPEDFAVYYCQQYGSSR-------TFGPGTKVDI-KR-
RASQSVSSSSFLA,ATSSRAT,QQYGSSRT,-EIVLTQSPGTLSLSPGERATLSCRASQ----SVSSSSFLAWYQQKPGQAPRLLMYATSSRATGIPDRFSGSGSGTDFTLTISRLEPEDFAVYYCQQYGSSR-------TFGPGTKVDI-KR-
RASQSVSSTYLA,GASSRAT,QQYGASPYT,-EIVLTQSPGTLSLSPGERATLTCRASQ-----SVSSTYLAWYQQKPGQAPRLLIYGASSRATGIPDRFSGSGSGTDFTLAISRLEPEDFAVYYCQQYGASP------YTFGQGTKLEI-KR-
RASQSVSSTYLA,GASSRAT,QQYGASPYT,-EIVLTQSPGTLSLSPGESATLSCRASQ-----SVSSTYLAWYQQKPGQAPRLLIYGASSRATGIPDRFSGSGSGTDFTLTISRLEPEDFAVYYCQQYGASP------YTFGQGTKLEI-KR-
RASQSVSSTYLA,GASSRAT,QQYGASPYT,-EIVLTQSPGTLSLSPGERATLSCRASQ-----SVSSTYLAWYQQKPGQAPRLLIYGASSRATGIPDRFSGSGSGTDFTLTISRLEPEDFAVYYCQQYGASP------YTFGQGTKLEI-KR-
RASQSVSSTYLA,GASSRAT,QQYGASPYT,-EIVLTQSPGTLSLSPGERATLSCRASQ-----SVSSTYLAWYQQKPGQAPRLLIYGASSRATGIPDRFSGSGSGTDFTLTISRLEPEDFAVYYCQQYGASP------YTFGQGTKLEI-KR-
RASQSVSSSHLA,GASSRAT,QQYGSSPRT,-EIVLTQSPGTLSLSPGERATLSCRASQ-----SVSSSHLAWYQQKPGQAPRLLIYGASSRATGIPDRFSGSGSGTDFTLTISRLEPEDFAVYYCQQYGSSP------RTFGQGTKVEI-KR-
RASQSVSSSHLA,GASSRAT,QQYGSSPRT,-EIVLTQSPGTLSLSPGERATLSCRASQ-----SVSSSHLAWYQQKPGQAPRLLIYGASSRATGIPDRFSGSGSGTDFTLTISRLEPEDLAVYYCQQYGSSP------RTFGQGTKVEI-KR-
RASQSVSSSHLA,GASSRAT,QQYGSSPRT,-EIVLTQSPGTLSLSPGERATLSCRASQ-----SVSSSHLAWYQQKPGQAPRLLIYGASSRATGIPDRFSGSGSGTDFTLTISRLEPEDFAVYYCQQYGSSP------RTFGQGTKVEI-KR-
RASQSVSSSHLA,GASSRAT,QQYGSSPRT,-EIVLTQSPGTLSLSPGERATLSCRASQ-----SVSSSHLAWYQQKPGQAPRLLIYGASSRATGIPDRFSGSGSGTDFTLTISRLEPEDFAVYYCQQYGSSP------RTFGQGTRVEI-KR-
RASQSVSSSYLA,GASSRAT,QQYGSSPYT,-EIVLTQSPGTLSLSPGERATLSCRASQ-----SVSSSYLAWYQQKPGQAPRLLIYGASSRATGIPDRFSGSGSGTDFTLTISRLEPEDFAVYYCQQYGSSP------YTFGQGTKLEI-KR-
RASQSVSSSYLA,GASSRAT,QQYGSSPYT,-EIVLTQSPGTLSLSPGERATLSCRASQ-----SVSSSYLAWYQQKPGQAPRLLIYGASSRATGIPDRFSGSGSGTDFTLTISRLEPEDFAVYYCQQYGSSP------YTFGQGTKLEI-KR-
RASQSVSSSYLA,GASSRAT,QQYGSSPYT,-EIVLTQSPGTLSLSPGERATLSCRASQ-----SVSSSYLAWYQQKPGQAPRLLIYGASSRATGIPDRFSGSGSGTDFTLTISRLEPEDFAVYYCQQYGSSP------YTFGQGTKLEI-KR-
KSSQSVSYSSNDKNYLA,WASTRES,QQYCGSLS,-DIVMTQSPDSLAVSLGERATINCKSSQSVSYSSNDKNYLAWYQQKPGQPPRLLISWASTRESGVPDRFSGSGSGADFTLTISRLQAEDVAVYYCQQYCGSL-------SFGGGTKVEI-RR-
KSSQSVSYSSNDKNYLA,WASTRES,QQYCGSLS,-DIVMTQSQDSLAVSLGERATINCKSSQSVSYSSNDKNYLAWYQQKPGQPPRLLIYWASTRESGVPDRFSGSGSGADFTLTISRLQAEDVAVYYCQQYCGSL-------SFGGGTKVEI-RR-
KSSQSVSYSSNDKNYLA,WASTRES,QQYCGSLS,-DIVMTQSPDSLAVSLGERATINCKSSQSVSYSSNDKNYLAWYQQKPGQPPRLLISWASTRESGVPDRFSGSGSGADFTLTISRLQAEDVAVYYCQQYCGSL-------SFGGGTKVEI-RR-
RASQSVNSFLA,EASNRAT,LQRSNWGEVT,-EIVLTQSPATLSLSPGERATLSCRASQ------SVNSFLAWYQHKPGQAPRLLIYEASNRATGIPARFSGSGSGTDFTLTISSLEPEDFAVYYCLQRSNWG-----EVTFGPGTKVDI-KR-
RASQSVNSFSA,EASNRAT,QQRSNWGEVT,-EIVLTQSPATLSLSPGERATLSCRASQ------SVNSFSAWYQHKPGQAPRLLIYEASNRATGIPARFSGSGSGTDFTLTISSLEPEDFAVYYCQQRSNWG-----EVTFGPGTKVDI-KR-
RASQSVNSFLA,EASNRAA,QQRSNWGEVT,-EIVLTQSPATLSLSPGERATLSCRASQ------SVNSFLAWYQHKPGQAPRLLIYEASNRAAGIPARFSGSGSGTDFTLTISSLEPEDFAVYYCQQRSNWG-----EVTFGPGTKVDI-KR-
KSSQSVLYSSNNKNYLA,WASTRES,QQYYSTPPT,-DIVMTQSPDSLAVSLGERATINCKSSQSVLYSSNNKNYLAWYQQKPGQPPKLLIYWASTRESGVPDRFSGSGSGTDFTLTISSLQAEDVAVYYCQQYYSTP------PTFGQGTKVEI-KRT
SASSGVNYMH,DTSKLAS,HQRGSYT,-EIVLTQSPAIMSASPGERVTMTCSAS-------SGVNYMHWYQQKPGTSPRRWIYDTSKLASGVPARFSGSGSGTSYSLTISSMEPEDAATYYCHQRGSY--------TFGGGTKLEI-KR-
SASSSGVNYMH,DTSKLAS,HQRGSYT,-EIVLTQSPATLSLSPGERATLSCSASS------SGVNYMHWYQQRPGQAPRRLIYDTSKLASGIPARFSGSGSGTSYTLTISSLEPEDFAVYYCHQRGSYT--------FGGGTKVEIKR--
SASSGVNYMH,DTSKLAS,HQRGSYT,-EIVLTQSPATLSLSPGERATLSCSAS-------SGVNYMHWYQQKPGQAPRRLIYDTSKLASGVPARFSGSGSGTSYTLTISSLEPEDFAVYYCHQRGSYT--------FGGGTKVEIKR--
RSSQIIIHSDGNTYLE,KVSNRFS,FQGSHVPHT,-DVLMTQTPLSLPVTLGQPASISCRSSQIIIHS-DGNTYLEWFQQRPGQSPRLLIYKVSNRFSGVPDRFSGSGSGTDFTLKISRVEAEDVGVYYCFQGSHVP------HTFGGGTKVEIK---
RSSQIIIHSDGNTYLE,KVSNRFS,FQGSHVPHT,-DVVMTQTPLSLPVTLGQPASISCRSSQIIIHS-DGNTYLEWFQQRPGQSPRRLIYKVSNRFSGVPDRFSGSGSGTDFTLKISRVEAEDVGVYYCFQGSHVP------HTFGQGTKVEIK---
SGTSSNIGSSTVN,RDAMRPS,AAWDVSLNAYV,--QSVLTQPPSASGTPGQRVTISCSGTSSN----IGSSTVNWYQQLPGMAPKLLIYRDAMRPSGVPDRFSGSKSGASASLAIGGLQSEDETDYYCAAWDVSLNA----YVFGTGTKVTVL---
,QDSKRPS,QAWNSSTVV,-QSPGQTVSI-TCSGDKLGDKYAC-----------------WYQQKPGQSPVLLIYQDSKRPSGIPERFSGSNSGNTATLTISGTQAMDEADYYCQAWNSSTVV------FGGGTKLTVLG--
RASQSVSSSYLA,GASSRAT,QQYGSSPLFT,-EIVLTQSPGTLSLSPGERATLSCRASQS-----VSSSYLAWYQQKPGQAPRLLIYGASSRATGIPDRFSGSGSGTDFTLTISRLEPEDFAVYYCQQYGSSP-----LFTFGPGTKVDI-KR-
TGTSSDVDGYNYVS,EVSNRPS,CSYTSSSTLV,-QSALTQPAS-VSGSPGQSITISCTGTSSD---VDGYNYVSWYQQYPGKAPKLMIYEVSNRPSGVSNRFSGSKSGNTASLTISGLQAQDEADYYCCSYTSSSTL-----VFGEGTNV------
RASQSISSYLN,AASSLQS,QQSYSTLT,-DIQMTQSPSSLSASVGDRVTITCRASQ------SISSYLNWYQQKPGKAPKLLIYAASSLQSGVPSRFSGSGSGTDFTLTISSLQPEDFATYYCQQSYSTL-------TFGGGTKVEI-KR-
QASHDINNHLN,DASILET,QQYDDLPYT,-DIQMTQSPSSLSASVGDRVTITCQASH------DINNHLNWFQVKPGKAPKLLIYDASILETGVPSRFSGAGSGTDFTFTISSLQPEDFATYYCQQYDDLP------YTFGQGTKVEI-KR-
QASQDISNFLN,DASNLET,QQYDSLPLT,-DIEMTQSPSSLSASVGDRVIITCQASQ------DISNFLNWYQQIPGKAPKLLIYDASNLETGVPSRFSGSGSGTDFIFTISSLQPEDIATYYCQQYDSLP------LTFGGGTKVEI-KR-
RASQDIGNALG,AASSLQS,LQYKSYPLT,-DIEMTQSPSSLSASVGDRVTITCRASQ------DIGNALGWYQQRPEKAPKRRIYAASSLQSGVPSTFSGSGSGTEFTLTISSLQPEDFATYYCLQYKSYP------LTFGQGTKVEI-KR-
RASQSLSNSYLA,SAWSRAT,QLYGSSLT,-EIVLTQSPGTLSLSPGERATLSCRASQS-----LSNSYLAWYQQNAGQAPRLLIYSAWSRATGIPDRFSGSGSGSDFTLTISSLEPEDFAVYYCQLYGSSL-------TFGGGTKVDI-KR-
RASQSVGNYLA,YASNRAT,QQRSNWPPIT,-EIVLTQSPATLSLSPGERATLSCRASQ------SVGNYLAWYQQKPGQAPRLLIYYASNRATGIPARFSGSGSGTDFTLTISSLEPEDFAVYYCQQRSNWPP-----ITFGPGTKVDI-KR-
SGSSSNIGGNTVN,TDNQRPS,TAWDDSLNGPV,-QPVLTQPPS-ASGTPGQRVSISCSGSSSN----IGGNTVNWYQHLPGTAPKLLVYTDNQRPSGVPDRFSGSKSGTSASLAISGLQSEDEADYYCTAWDDSLNG----PVFGGGTQLTVLG--
SGSKSNIGTYYIY,WTDQRPS,AAWDDSLRGYV,-QSVLTQPPS-ASGTPGQRVTISGSGSKSN----IGTYYIYWFQQIPGTAPKLLIYWTDQRPSGVPDRFSGSKSGTSASLAISGLRSEDEADYYCAAWDDSLRG----YVLPGGTKLTVLG--
GGNNIETKSVH,FDTDRPS,QVWDSSNDQGV,-SSVLTQPPS-VSVAPGKTARITCGGNN------IETKSVHWYQQKPGQAPVLVIYFDTDRPSGIPERFSGSNSGNTATLTISRVEAGDEADYYCQVWDSSNDQ----GVFGGGTQLTVL---
TGTSSDIGAYDYVS,DVNNRPS,SSYTSSSTLLV,-QSALTQPAS-VSGSPGQSITISCTGTSSDI---GAYDYVSWYEQHQGKAPKLMIYDVNNRPSGVSNRFSGSKSGNTASLTISGLQAEDEADYYCSSYTSSSTL----LVSAGGNMLTVLG--
RASQSISFYLA,KASTLES,QQYKSYT,-DIQMTQSPSTLSASVGDRLTITCRASQ------SISFYLAWYQQKPGKAPKLLIYKASTLESGVPSRFSGSGSGTEFSLTISSLQPDDFATYYCQQYKSY--------TFGHGTKVEI-KR-
TGTSSDVGGYNYVS,DVSNRPS,SSYTSSSTLV,-QSALTQPAS-VSGSPGQSITISCTGTSSDV---GGYNYVSWYQQHPGKAPKLMIYDVSNRPSGVSNRFSGSKSDNTASLTISGLQAEDEADYYCSSYTSSST-----LVFGGGTKLTVLRQP
RASQTITTYLN,AASSLQG,QQSYNTLSLT,-DIQMTQSPSSLSASVGDRVTITCRASQ------TITTYLNWYQQKPGEAPKLLIYAASSLQGGVPSRFSGSGSGTDFTLTISSLQPEDFATYYCQQSYNTLS-----LTFGGGTKVEI-KRT
RASQSVSSNLA,GASTRAT,QQYHNWPPERLA,-EIVMTQSPATLSVSPGERATLSCRASQ------SVSSNLAWYQQTPGQAPRLLIYGASTRATGIPARFSGSGSGTEFTLTISSLQSEDFAVYYCQQYHNWPPER---LAFGGGTKVQI-KRT
QGDSLRNYYVS,GKKNRPS,HSRDNSGNHHV,-SSELTQDPA-VSVALGQTVRITCQGDS------LRNYYVSWYQQKPGQAPVVVIYGKKNRPSGIPDRFSGSSSGNTASLTITGAQAEDEADYYCHSRDNSGNH----HVFGTGTKVTVLGQP
RASQGIRNDLG,AASSLQS,LRDYNYSWT,-AIQMTQSPSSLSASVGDRVTITCRASQ------GIRNDLGWYQQKPGKAPKLLIYAASSLQSGVPSRFSGSRSGTDFTLTISSLQPEDFATYYCLRDYNYS------WTFGQGTKVEI-KRT
RASQSVSSTYLA,GASSRAT,QHYGNSPPYT,-EVVLTQSPGTLSLSPGERATLSCRASQS-----VSSTYLAWYQQKRGQAPRLLIYGASSRATGIPDRFSGSGSGTDFTLTISRLEPEDFAVYYCQHYGNSPP-----YTFGQGTKLEI-KR-
RASQSIRNFLN,AASTLQS,QQSHKTLAWT,-GIQMTQSPSSLAASVGDRVTITCRASQ------SIRNFLNWYQQKPGKAPNLLIYAASTLQSGVPSRFSGSGSGTDFTLTIRSLQPEDFATYYCQQSHKTLA-----WTFGQGTKVEI-TRT
RASQSISSYLN,AASSLQS,QQSYNTLFT,-DIQMTQSPSSLSASVGDRVTITCRASQ------SISSYLNWYQQKPGKAPRLLIYAASSLQSGVPSRFSGSGSGTDFTLTISSLQPEDFAAYYCQQSYNTL------FTFGPGTKVDI-KR-
RASQSISSWLA,KASLLES,QQYNSYSRT,-DIQMTQSPSTLSASVGDRVTITCRASQ------SISSWLAWYQQKPGKAPKLLIYKASLLESGVPSRFSGSGSGTEFTLTISSLQPDDFATYYCQQYNSYS------RTFGQGTKVEI-KRT
SGSNSNIGNNYVS,DNNERPS,GTWDSSLNFVV,AQSVLTQPPS-VSAAPGQKVTISCSGSNSN----IGNNYVSWYQQLPGRAPKLLIYDNNERPSGIPDRFSGSKSGTSATLAITGLQTGDEADYYCGTWDSSLNF----VVFGGGTKLTVLG--
SGNTSNIGTKTVD,STSQRPS,ATWDDSLNFYV,AQSVLTQAPS-VSGPPGQSVTVSCSGNTSN----IGTKTVDWYQHFPGVAPRLLIYSTSQRPSGVPDRFSGSRSGTSASLAISGLQSEDEADYYCATWDDSLNF----YVFGSGTTVIVLG--
RASQSIIKYLS,TASSLQG,QQNYNTPQT,-DIQMTQSPSSLSASIGDRVTITCRASQ------SIIKYLSWYQQKPGRAPKLLIYTASSLQGGVPSRFSGSGSGTDFTLTISSLQPEDFATYYCQQNYNTP------QTFGQGTKLEI-K--
SGSTSNIGNNYVS,DNNKRPS,GTWDSSLSAGV,-QSVLTQPPS-VSAAPGQKVTISCSGSTSN----IGNNYVSWYQQLPGTAPKLLIYDNNKRPSGIPDRFSGSKSGTSATLGITGLQTGDEADYYCGTWDSSLSA----GVFGGGTKLTVLG--
TGTSSDVGGYNYVS,EVSNRPS,SSYTSSSTWV,-QSALTQPAS-VSGSPGQSITISCTGTSSDV---GGYNYVSWYQQHPGKAPKLMIYEVSNRPSGVSNRFSGSKSGNTASLTISGLQAEDEADYYCSSYTSSST-----WVFGGGTKLTVL---
SGSSSYIGSNYIY,GNNQRPS,AAWIDTLSYWV,-QSVLTQPPS-ASGTPGQRVTIFCSGSSSY----IGSNYIYWYQQFPGTAPKLLIYGNNQRPSGVPDRFSGSKSGTSASLAISGLQSEDEADYFCAAWIDTLSY----WVFGGGTKLTVL---
GGNNIGSKNVH,RDSNRPS,QVWDSSTVV,-QSVLTQPLS-VSVALGQTARITCGGNN------IGSKNVHWYQQKPGQAPVLVIYRDSNRPSGIPERFSGSNSGNTATLTISRAQAGDEADYYCQVWDSST------VVFGGGTKLTVL---
RASQDIGSSLN,ATSSLDS,LQYASSPWT,-DIQMTQTPSSLSASLGERVSLTCRASQ------DIGSSLNWLQQEPDGTIKRLIYATSSLDSGVPKRFSGSRSGSDYSLTISSLESEDFGDYYCLQYASSP------WTFGGGTKLEI-K--
RASQDIRNDLG,AASSLQS,LKYNSYP,-DIQMTQSPSSLSASVGDRVTITCRASQ------DIRNDLGWYRQKPGRAPERLIYAASSLQSGVPSRFSGSGSGTEFTLTISSLQPEDFATYYCLKYNSYP---------------------
RSSQSLLHSNGNNYLD,LGSNRAS,MQALQTP,-DILMTQSPLSLPVTPGEPASISCRSSQSLLHS-NGNNYLDWYLQRPGQSPQLLIYLGSNRASGVPDRFSGSGSGTDFTLKISKVEAEDVGVYYCMQALQTP---------------------
KSSQSLLHSDGKTYLY,EVSNRFS,MQSIQAP,-EVVMTQTPLSLSVTPGQPASMSCKSSQSLLHS-DGKTYLYWYLQKPGQPPQLLIYEVSNRFSGVPDRFSASGSGTDFTLKISRVEAEDVGVYYCMQSIQAP---------------------
KSSQSLLHSDGKTYVY,EVSNRFS,MQSIQIP,-DVVMTQSPLSLSVTPGQPASISCKSSQSLLHS-DGKTYVYWYLQKAGQPPQLLIYEVSNRFSGVPDRFSGSGSGTDFTLKISRVEAEDVGVYYCMQSIQIP---------------------
RASENIYSYLA,NAKTLAE,QHHYGTPFT,-DIQMTQSPASLSASVGETVTITCRASE------NIYSYLAWYQQKQGKSPQLLVYNAKTLAEGVPSRFSGSGSGTQFSLKINSLQPEDFGSYYCQHHYGTP------FTFGSGTKLEI-KRD
RASQSVSATYLA,GASKRAT,QHYRDS,-EIVLTQSPGTLSLSPGERATLSCRASQS-----VSATYLAWYQQRPGQAPRLLIYGASKRATGIPDRFSGSESGTDFTLIISKLEPEDFGVYYCQHYRDS----------------------
QADDDISNSLN,DASALET,QQFDSLP,-DIQMTQSPSSLSASVGDRVTFTCQADD------DISNSLNWYQQKPNKAPKLLIYDASALETGVPSRFSGRGSGTDFTLTINSLQPDDVATYFCQQFDSLP---------------------
RASQGVTSALA,DASSLES,QQLHFYP,-ALQLTQSPSSLSASVGDRITITCRASQ------GVTSALAWYRQKPGSPPQLLIYDASSLESGVPSRFSGSGSGTEFTLTISTLRPEDFATYYCQQLHFYP---------------------
RASQSIETWLA,KASTLKT,QHYAGYS,-DIQMTQSPSTLSASVGDTITITCRASQ------SIETWLAWYQQKPGKAPKLLIYKASTLKTGVPSRFSGSGSGTEFTLTISGLQFDDFATYHCQHYAGYS---------------------
RASQSVNNNKLA,GTSSRAR,QQHDNS,-EIVLTQSPGTLSVSPGESATLSCRASQS-----VNNNKLAWYQQKPGQAPRLLIYGTSSRARGIPDRFSGSGSGTDFTLTITRLEPEDFGVYYCQQHDNS----------------------
RASQSISRWLA,KASSLES,QQYNSYS,-DIQMTQSPSTLSASVGDRVTITCRASQ------SISRWLAWYQQKPGKVPKLLIYKASSLESGVPSRFSGSGSGTEFTLTISSLQPDDFATYYCQQYNSYS--------FGPGTKVDI-K--
RSSRNILHSLNNKNYLA,WASMRVS,QHYYTTHRT,-EFLLTQSPDSLAVTLGETATITCRSSRNILHSLNNKNYLAWYQQRPGQAPKLLVIWASMRVSGVADRFSGSGSGTDFALTISSLQPEDAAVYYCQHYYTTH------RTFGQGTRVEI-RR-
KASQNVGTNVA,SASYRYS,HQYYTYPLFT,-DIQMTQSPSSLSASVGDRVTITCKASQ------NVGTNVAWYQQKPGKAPKLLIYSASYRYSGVPSRFSGSGSGTDFTFTISSLQPEDIATYYCHQYYTYPL-----FTFGQGTKVEI-KR-
SGSNSNIGSNTVN,RNNQRPS,TAWDDSLNGHVV,-QSVLTQPPS-ASGTPGQRVTISCSGSNSN----IGSNTVNWYQHLPGTAPKLLIYRNNQRPSGVPDRFSGSRSGTSASLAISGLQSEDEADYYCTAWDDSLNGH---VVFGGGTKLTVLG--
KASQDINNYLN,RANRLLD,LQFDEFPYT,-DIKVTQSPSSMYASVGERVTITCKASQ------DINNYLNWFQQKPGKVPKTLIYRANRLLDGVPSRFSGSGSGQDYSLTISSLEYEDMGIYYCLQFDEFP------YTFGGGTKLEI-KR-
KASQDINNYLN,RANRLLD,LQFDEFPYT,-DIQVTQSPSSMYASVGERVTITCKASQ------DINNYLNWFQQKPGKVPKTLIYRANRLLDGVPSRFSGSGSGQDYSLTISSLEYEDMGIYYCLQFDEFP------YTFGQGTKLEI-KR-
RASQSVSSNLA,GASTRAT,QQYNNWPLT,-EIVMTQSPATLSVSPGERATLSCRASQ------SVSSNLAWYQQKPGQAPRLLIYGASTRATGIPARFSGSGSGTEFTLTISSLQSEDFAVYYCQQYNNWP------LTFGGGTKVEI-K--
KSSQNVLYSSNNKNYLA,WASTRES,QQYYSIPLT,-DIVMTQSPDSLAVSLGERATINCKSSQNVLYSSNNKNYLAWYQQKPGQPPKLLIYWASTRESGVPDRFSGSGSGTDFTLTISSLQAEDVAVYYCQQYYSIP------LTFGGGTKVEI-K--
KASQNVGTNVA,SASYRYS,HQYYTYPLFT,-DIQMTQSPSSLSASVGDRVTITCKASQ------NVGTNVAWYQQKPGKAPKLLIYSASYRYSGVPSRFSGSGSGTDFTFTISSLQPEDIATYYCHQYYTYPL-----FTFGQGTKVEI-KR-
SGSTSNIGNNIVN,NNDQRPS,ASWDDSLNHVV,-QSVLTQPPS-ASGTPGQRVTISCSGSTSN----IGNNIVNWFQLLPETAPQLLISNNDQRPSGVPARFSGSRSGTSASLAIRGLQSDDEGDYFCASWDDSLNH----VVFGGG---------
RAGQRIASYLN,AGSNLHR,QQAYSTPWT,-DIQMTQSPSSLSASVGDRVTITCRAGQ------RIASYLNWYQHKPGKAPKLLIYAGSNLHRGVPSRFSGGGSGTDFTLTINSLQPEDFATYYCQQAYSTP------WTFGPGTKVEI-K--
KASQNIDKYLN,NTNNLQT,LQHISRPRT,-DIQMTQSPSSLSASVGDRVTITCKASQ------NIDKYLNWYQQKPGKAPKLLIYNTNNLQTGVPSRFSGSGSGTDFTFTISSLQPEDIATYYCLQHISRP------RTFGQGTKVEI-KRT
QGDSLRSYYAS,GKNNRPS,NSRDSSGNHVV,-SSELTQDPA-VSVALGQTVRITCQGDS------LRSYYASWYQQKPGQAPVLVIYGKNNRPSGIPDRFSGSSSGNTASLTITGAQAEDEADYYCNSRDSSGNH----VVFGGGTKLTVG---
TGTSSDVGTYNYVS,DVTNRPS,YSNTASGAPYV,-QSALTQPAS-VSGSPGQSITISCTGTSSDV---GTYNYVSWYQQCPGKGPKLLIYDVTNRPSGVSNRFSGSKSDNTASLTISGLQAEDEADYYCYSNTASGAP----YVFGSGTKVTVLSQP
SGSSSDIGRYDYVS,EVNHRPS,ASYTTSNSYI,-QSALTQPAS-VSGSPGQSITISCSGSSSDI---GRYDYVSWYQHYPDKAPKLIIYEVNHRPSGISHRFSASKSGNTASLTISELQPGDEADYHCASYTTSNS-----YIFGGGTKVTVLG--
QGDSLRSYYAS,GKNNRPS,NSRDSIGNGWV,-SSELTQDPA-VSVALGQTVRITCQGDS------LRSYYASWYQQKPGQAPVLVIYGKNNRPSGIPDRFSGSSSGNTASLTITGAQAEDEADYYCNSRDSIGNG----WVFGGGTKLTVLG--
TGTSSDVGAYDHVS,AVTNRPS,YSYAGSYTFV,-QSALTQPAS-VSGSPGQSITISCTGTSSDV---GAYDHVSWYQQHPGKAPQLMIYAVTNRPSGISHRFSGSKSGNTASLTISGLQAEDEADYYCYSYAGSYT-----FVFGTGTKLTVLG--
QGDSLKSYYAS,GKNNRPS,TSRDTSGNHVL,-SSELTQDPA-VSVALGQTVRITCQGDS------LKSYYASWYQQKPGQAPVLVMYGKNNRPSGIPDRFSGSYPGNTASLTITGAQAEDEADYYCTSRDTSGNH----VLFGGGTKLTVLG--
QGDSLRSYYAS,LDNKRPS,QAWDNGVI,-SSELTQDPA-VSVALGQTVRITCQGDS------LRSYYASWYQQKPGQSPVLVMFLDNKRPSGIPERFSGSNSGNTATLTISETQAMDEADYFCQAWDNGV-------IFGGGTKVTVLG--
RATQNIDKWLA,QASILQS,QQYHTISRT,-EIVLTQSPATLSASVGDRVTMTCRATQ------NIDKWLAWFQQKPGKAPKLLIQQASILQSGVPSRFSGSGSGTDFTLTISSLQPDDFATYYCQQYHTIS------RTFGPGTKVEI-KR-
KSNQSVLYNSNSKNYLA,WASTRES,QQYFSSPYT,-AAELTQSPDSLAVSLGERATINCKSNQSVLYNSNSKNYLAWYQQKPGQPPKLLIYWASTRESGVPDRFSGSGSGTDFTLTITSLQAEDVAVYYCQQYFSSP------YTFGQGTKLEI-K--
KSSQSVLYSSNNKNYLA,WASTRES,QQYYRTPLT,-AAELTQSPDSLAVSLGERATINCKSSQSVLYSSNNKNYLAWYQQKPGQPPKLLIYWASTRESGVPDRFSGSGSGTDFTLTISSLQAEDVAVYYCQQYYRTP------LTFGGGTKVEI-K--
KSNQSVLYNSNSKNYLA,WASTRES,QQYFSTPYT,-AAELTQSPDSLAVSLGERATINCKSNQSVLYNSNSKNYLAWYQQKPGQPPKLLIYWASTRESGVPDRFSGSGSGTDFTLTISSLQAEDVAVYYCQQYFSTP------YTFGQGTKLEI-K--
KSNQSVLYNSNSKNYLA,WASTRES,QQYFSTPYT,-AAELTQSPDSLAVSLGERATINCKSNQSVLYNSNSKNYLAWYQQKPGQPPKLLIYWASTRESGVPDRFSGSGSGTDFTLTISSLQAEDVAVYYCQQYFSTP------YTFGQGTKLEI-K--
KSNQSVLYNSNSKNYLA,WASTRES,QQYFSSPYT,-AAELTQSPDSLAVSLGERATINCKSNQSVLYNSNSKNYLAWYQQKPGQPPKLLIYWASTRESGVPDRFSGSGSGTDFTLTITSLQAEDVAVYYCQQYFSSP------YTFGQGTKLEI-K--
KSSQSVLYSSNNKNYLA,WASTRQS,QQYYGTPYT,-AAELTQSPDSLAVSLGERATINCKSSQSVLYSSNNKNYLAWYQQKPGQPPKLLIYWASTRQSGVPDRFRGSGSGTDFTLTITNLQAEDAAIYYCQQYYGTP------YTFGQGTKLEI-K--
KSSQSVLYSLNNKNYLA,WASTRES,QQYYTTPYT,-AAELTQSPDSLAVALGERATINCKSSQSVLYSLNNKNYLAWYQQKPGQPPKLLIHWASTRESGVPDRFSGSGSETDFTLTITSLQAEDVAGLFCQQYYTTP------YTFGQGTKLEI-K--
KSNQSVLYNSNSKNYLA,WASTRES,QQYFSSPYT,-AAELTQSPDSLAVSLGERATINCKSNQSVLYNSNSKNYLAWYQQKPGQPPKLLIYWASTRESGVPDRFSGSGSGTDFTLTITSLQAEDVAVYYCQQYFSSP------YTFGQGTKLEI-K--
KSSQSVLYSLNNKNYLA,WASTRES,QQYYTTPYT,-AAELTQSPDSLAVALGERATINCKSSQSVLYSLNNKNYLAWYQQKPGQPPKLLIHWASTRESGVPDRFSGSGSETDFTLTITSLQAEDVAGLFCQQYYTTP------YTFGQGTKLEI-K--
KSSQSVLYSSNNKNYLA,WASTRQS,QQYYGTPYT,-AAELTQSPDSLAVSLGERATINCKSSQSVLYSSNNKNYLAWYQQKPGQPPKLLIYWASTRQSGVPDRFRGSGSGTDFTLTITNLQAEDAAIYYCQQYYGTP------YTFGQGTKLEI-K--
KSSQSVLYSSNNKNYLA,WASTRES,QQYFSTPLT,-AAELTQSPDSLAVSLGERATINCKSSQSVLYSSNNKNYLAWYQQKPGQPPKLLIYWASTRESGVPDRFSGSGSGTDFTLTISSLQAEDVAVYYCQQYFSTP------LTFGGGTKVEI-K--
KSSQSVLYSSNNKNYLA,WASTRES,QQYFSTPLT,-AAELTQSPESLAVSLGERATINCKSSQSVLYSSNNKNYLAWYQQKPGQPPKLLIYWASTRESGVPDRFSGSGSGTDFTLTISSLQAEDVAVYYCQQYFSTP------LTFGGGTKVEI-K--
KSSQSVLYSSNNKNYLA,WASTRES,QQYFSTPLT,-AAELTQSPDSLAVSLGERATINCKSSQSVLYSSNNKNYLAWYQQKPGQPPKLLIYWASTRESGVPDRFSGSGSGTDFTLTISSLQAEDVAVYYCQQYFSTP------LTFGGGTKVEI-K--
KSSQSVLYSSNNKNYLA,WASTRES,QQYYSTPYT,-AAELTQSPDSLAVSLGERATINCKSSQSVLYSSNNKNYLAWYQQKPGQPPKLLIYWASTRESGVPDRFSGSGSGTDFTLTISSLQAEDVAVYYCQQYYSTP------YTFGQGTKLEI-K--
KLSQSVLYSSNKQNYLA,WASARQS,QQYYDSTYT,-DIVLTQSPDSLSVSLGERVTVNCKLSQSVLYSSNKQNYLAWFQQNPGQPPKLLIYWASARQSGVPARFMGSGSGTEFSLTISSLQAEDVAVYYCQQYYDST------YTFGQGTKLEI-NR-
RASQGISNYLA,AASTLQS,QQSYSTPRT,-ELQMTQSPSSLSASVGDRVTITCRASQ------GISNYLAWYQQKPGKVPKLLIYAASTLQSGVPSRFSGSGSGTDFTLTISSLQPEDFATYYCQQSYSTP------RTFGQGTKVDI-KRT
RASQGISNYLA,GASTLQS,QKYDSAPRT,-ELQMTQSPSSLSASVGDRVTITCRASQ------GISNYLAWYQQKPGKVPNLLIYGASTLQSGVPSRFSGSGSGTDFTLTISSLQPEDVATYYCQKYDSAP------RTFGPGTKVDI-KRT
RASQSISSYLN,AASSLQS,QQSYSTPWT,-ELHMTQSPSSLSASVGDRVTITCRASQ------SISSYLNWYQQKPGKAPKLLIYAASSLQSGVPSRFSGSGSGTDFTLTISSLQPEDFATYYCQQSYSTP------WTFGQGTKVEI-KRT
RASQGISSALA,AASTLQS,QQFNAYPLT,-ELHMTQSPSSLSASVGDRVTITCRASQ------GISSALAWYQQKPGKAPKFLMYAASTLQSGVPSRFSGSGSGTEFTLTISSLQPEDFGTYYCQQFNAYP------LTFGPGTKVEI-KRT
RASQSISSYLN,ATSSLQS,QQSYSTQWT,-DIELTQSPSSLSASVGDRLTITCRASQ------SISSYLNWYQQKPGKAPKLLIYATSSLQSGVPSRFSGSGSGTDFTLTISSLQPEDFATYYCQQSYSTQ------WTFGQGTKVEI-KRT
SGDKLGDKYAC,QDSKRPS,QAWDSSTAV,-SYELTQPPS-VSVSPGQTASITCSGDK------LGDKYACWYQQKPGQSPVLVIYQDSKRPSGIPERFSGSNSGNTATLTISGTQAMDEADYYCQAWDSST------AVFGGGTKLTVLGQ-
SGDKLGNKYAC,QDNKRPS,QAWASSTA,-SYELTQPPS-VSVSPGQTASITCSGDK------LGNKYACWYQQKPGQSPVLVIYQDNKRPSGIPERFSGSNSGNTATLAISGAQAMDEADYYCQAWASSTA--------------------
SGDKLGNKYAC,QDNKRPS,QAWASSTA,-SYELTQPPS-VSVSPGQTASITCSGDK------LGNKYACWYQQKPGQSPVLVIYQDNKRPSGIPERFSGSNSGNTATLAISGAQAMDEADYYCQAWASSTA--------------------
RASRGLSRYLA,AASTLQS,QQYHTISRT,-ETTLTQSPSSLSASVGDRVTITCRASR------GLSRYLAWYQQKPGKTPKLLIYAASTLQSGVPSRFSGSGSGTEFTLTVSSLQAEDFGTYYCQQYHTIS------RTFGPGTKLEI-KR-
RASQSISSYLN,AASSLQS,QQSYSTPPWT,-DIQMTQSPSSLSASVGDRVTITCRASQ------SISSYLNWYQQKPGKAPKLLIYAASSLQSGVPSRFSGSGSGTDFTLTISSLQPEDFATYYCQQSYSTPP-----WTFGQGTKVEI-KRT
GGNNIGSKSVH,YDSDRPS,QVWDSSSDDYV,-QSVLTQPPS-VSVAPGKRARITCGGNN------IGSKSVHWYQQKPGQAPVLVIYYDSDRPSGIPERFSGSNSGNTATLTISRVEAGDEADYYCQVWDSSSDD----YVFGTGTKLTVL---
RASQGISNYLA,AASTLQS,QKYNSCPST,-DIQMTQSPSSLSASVGDRVTITCRASQ------GISNYLAWYQQKPGKVPKLLIYAASTLQSGVPSRFSGSGSGTDFTLTISSLQPEDVATYYCQKYNSCP------STFGPGTKVDI-K--
RASQSISNSLV,DASNRAS,QQRTNWPIT,-EIVLRQSPATLSLSPGDRATLSCRASQ------SISNSLVWYQQKPGQAPRLLIYDASNRASGTPTRFSGSGSVTDFTLTISSLEPEDFALYYCQQRTNWP------ITFGQGTRLEI-K--

